price_aprox_usd,surface_covered_in_m2,lat,lon,neighborhood
129000.0,70.0,-34.5846508988,-58.4546932614,Chacarita
87000.0,42.0,-34.6389789,-58.500115,Villa Luro
118000.0,54.0,-34.615847,-58.459957,Caballito
57000.0,42.0,-34.6252219,-58.3823825,Constitución
90000.0,50.0,-34.6106102,-58.4125107,Once
138000.0,74.0,-34.6038236,-58.4272911,Almagro
114000.0,32.0,-34.586103,-58.423963,Palermo
82000.0,50.0,-34.6265182557,-58.4724630529,Flores
166000.0,52.0,-34.5620844,-58.4566864,Belgrano
136500.0,71.0,-34.648143,-58.524277,Liniers
75000.0,36.0,-34.596715,-58.444045,Villa Crespo
68000.0,37.0,-34.599722,-58.430668,Villa Crespo
80000.0,55.0,-34.616182,-58.3926968,San Cristobal
125000.0,74.0,-34.6034659,-58.4159718,Almagro
120000.0,60.0,-34.6136992,-58.3897597,Congreso
145000.0,52.0,-34.5475074,-58.4842066,Saavedra
95000.0,57.0,-34.6087015,-58.4039197,Balvanera
155000.0,55.0,-34.5975665,-58.4410115,Villa Crespo
300000.0,90.0,-34.5670929999,-58.4470949374,Belgrano
95000.0,44.0,-34.645401,-58.4931185,Parque Avellaneda
82000.0,33.0,-34.6198687,-58.4242176,Almagro
129000.0,72.0,-34.618545,-58.443838,Caballito
280000.0,98.0,-34.5933599,-58.4124669,Recoleta
118885.0,35.0,-34.5620844,-58.4566864,Belgrano
190000.0,55.0,-34.5892291,-58.3909376,Recoleta
157000.0,74.0,-34.6206701,-58.4280921,Caballito
119000.0,50.0,-34.617869,-58.422687,Almagro
290000.0,82.0,-34.5972390007,-58.3975515537,Recoleta
149000.0,76.0,-34.6044029,-58.418703,Almagro
199000.0,63.0,-34.5628985,-58.4652556,Belgrano
74400.0,31.0,-34.6171601,-58.4566753,Caballito
130000.0,70.0,-34.624943,-58.416152,Almagro
140000.0,83.0,-34.5995053,-58.4019575,Barrio Norte
179869.0,71.0,-34.61098,-58.417856,Almagro
89000.0,33.0,-34.554535,-58.455713,Belgrano
80000.0,40.0,-34.6266557,-58.4562243,Flores
84000.0,38.0,-34.603367,-58.4095145,Abasto
110000.0,44.0,-34.5987952,-58.431148,Villa Crespo
115000.0,67.0,-34.546801,-58.478304,Saavedra
137500.0,46.0,-34.5607997,-58.4661541,Belgrano
88000.0,33.0,-34.5990818,-58.3791226,Centro / Microcentro
115000.0,65.0,-34.6085660579,-58.39925557,Once
83000.0,40.0,,,
107000.0,64.0,-34.6055653,-58.4042304,Once
129500.0,46.0,-34.6050835,-58.4608111,Paternal
160000.0,48.0,-34.586177,-58.395407,Recoleta
97000.0,43.0,,,
84000.0,35.0,-34.5493135,-58.4646149,Nuñez
85000.0,38.0,-34.6200825,-58.3895203,San Cristobal
90000.0,35.0,-34.556844,-58.457941,Belgrano
27279.0,31.0,-34.5413289,-58.473409,Saavedra
230000.0,63.0,-34.582627,-58.451825,Chacarita
64900.0,38.0,-34.663879,-58.51298,Mataderos
90000.0,35.0,-34.5832049,-58.4444227,Palermo
142200.0,65.0,-34.6603056,-58.5235778,Villa Lugano
140000.0,85.0,-34.616845,-58.428002,Almagro
114000.0,44.0,-34.570611,-58.447624,Belgrano
122000.0,61.0,-34.6315375,-58.4541557,Flores
80000.0,38.0,-34.56123,-58.465719,Belgrano
120000.0,44.0,-34.5760976609,-58.4707613149,
112000.0,70.0,-34.6254543,-58.4161104,Almagro
85000.0,34.0,-34.5675671,-58.4733152,Coghlan
150000.0,83.0,-34.6188022,-58.3876241,San Cristobal
86500.0,46.0,-34.599277,-58.420179,Almagro
92400.0,44.0,-34.6039192,-58.4556556,Villa Crespo
110000.0,62.0,-34.618893,-58.461994,Flores
122000.0,60.0,-34.6148993692,-58.4096918347,San Cristobal
271000.0,72.0,-34.567984,-58.4337562,Las Cañitas
170000.0,52.0,-34.583263,-58.431945,Palermo
235000.0,62.0,-34.5750392,-58.4717864,Belgrano
165000.0,43.0,-34.5526272,-58.4546542,Belgrano
170000.0,48.0,-34.5707228,-58.4801833,Villa Urquiza
84000.0,50.0,-34.6114169,-58.3833629,Monserrat
90000.0,38.0,-34.6006047,-58.4313315,Villa Crespo
140000.0,55.0,-34.5751543197,-58.4383160847,Palermo
99000.0,41.0,-34.5881967,-58.5014288,Villa Pueyrredón
95000.0,40.0,-34.605237,-58.424402,Almagro
155000.0,55.0,-34.622597,-58.4637637,Flores
147000.0,83.0,-34.606622,-58.384362,Monserrat
156000.0,57.0,-34.5893031,-58.5050324,Villa Pueyrredón
79000.0,40.0,-34.606709,-58.466095,Paternal
110000.0,50.0,-34.624235218,-58.3696383829,San Telmo
158000.0,64.0,-34.5961219,-58.4255006,Almagro
249000.0,93.0,-34.572892,-58.482349,Villa Urquiza
146000.0,74.0,-34.6231484,-58.4471452,Caballito
158000.0,87.0,-34.602288,-58.45364,Villa Crespo
92000.0,42.0,-34.6416277,-58.5010498,Villa Luro
92000.0,45.0,-34.6325264,-58.4095956,Parque Patricios
99000.0,46.0,-34.6207818,-58.3985397,Balvanera
250000.0,77.0,-34.56404,-58.43864,Belgrano
112000.0,72.0,-34.6001061,-58.3793374,San Nicolás
120000.0,37.0,-34.615972,-58.430083,Caballito
189000.0,84.0,-34.574731,-58.478951,Villa Urquiza
95000.0,49.0,-34.5981092,-58.4975629,Villa del Parque
116000.0,47.0,-34.602148,-58.426806,Almagro
85000.0,43.0,-34.6335163,-58.4229282,Boedo
71500.0,42.0,-34.6285036,-58.4271703,Caballito
37983.0,47.0,-34.5413289,-58.473409,Nuñez
110000.0,41.0,-34.636739,-58.498882,Villa Luro
120000.0,67.0,-34.603933,-58.376359,Centro / Microcentro
90000.0,40.0,-34.5990666,-58.4134843,Palermo
85000.0,47.0,-34.6421604,-58.423024,Parque Chacabuco
95000.0,98.0,,,Barracas
105000.0,37.0,-34.6036844,-58.3815591,Villa Crespo
58000.0,59.0,-34.643906,-58.449025,Flores
250000.0,100.0,-34.5973156703,-58.3966103021,Barrio Norte
265000.0,80.0,-34.5731012,-58.4611833,Belgrano
79000.0,35.0,-34.5583606,-58.4481081,Belgrano
81360.0,36.0,-34.586418,-58.504636,Villa Pueyrredón
108000.0,38.0,-34.5801265,-58.425019,Palermo
128260.0,48.0,-34.61098,-58.417856,Almagro
136000.0,45.0,-34.5978249,-58.416439,Barrio Norte
210000.0,95.0,-34.5988783,-58.4320965,Palermo
166000.0,57.0,-34.576241,-58.485449,Villa Urquiza
156000.0,70.0,-34.6015602,-58.4343171,Almagro
165000.0,62.0,-34.6207509,-58.4365858,Caballito
184000.0,63.0,-34.623771,-58.440083,Caballito
133000.0,50.0,,,
94635.0,38.0,-34.5688712,-58.4884216,Villa Urquiza
184150.0,36.0,-34.590836,-58.389015,Recoleta
179500.0,70.0,-34.555221,-58.455583,Belgrano
64000.0,34.0,-34.6146153,-58.4040591,Once
280000.0,75.0,-34.5877285,-58.4112605,Palermo
106000.0,43.0,-34.5631975,-58.4642925,Belgrano
99000.0,48.0,-34.6119413,-58.4423251,Caballito
105500.0,46.0,-34.60808733,-58.43089266,Parque Centenario
165000.0,61.0,-34.5831329,-58.4208369,Palermo
120000.0,85.0,-34.6132035,-58.4120075,Almagro
93000.0,47.0,-34.584814,-58.481222,Parque Chas
149000.0,35.0,-34.5889201,-58.4002698,Barrio Norte
185000.0,63.0,-34.6385261,-58.5058609,Villa Luro
57000.0,33.0,-34.6055229,-58.4057152,Balvanera
122000.0,43.0,-34.5817888,-58.449509,Colegiales
181000.0,47.0,-34.5427503,-58.4601452,Nuñez
330000.0,77.0,-34.5870824,-58.408834,Barrio Norte
150000.0,85.0,-34.6120655,-58.4057337,Once
130000.0,70.0,-34.600257,-58.452734,Villa Crespo
115000.0,47.0,-34.5444571,-58.4790724,Saavedra
83850.0,38.0,-34.6256447,-58.4611155,Flores
107000.0,40.0,-34.5774559,-58.4247302,Palermo
189000.0,72.0,-34.569348,-58.442799,Belgrano
139500.0,54.0,-34.545956,-58.470246,Nuñez
92000.0,60.0,-34.6066665,-58.4661483,Villa General Mitre
128000.0,32.0,-34.536471,-58.4687,Nuñez
230000.0,60.0,-34.6300503,-58.4537324,Flores
226000.0,91.0,-34.573337,-58.482207,Villa Urquiza
107000.0,49.0,-34.6177447,-58.3830086,Monserrat
134000.0,54.0,-34.5783681,-58.4674728,Villa Ortuzar
97000.0,45.0,-34.6182787,-58.5005212,Villa Devoto
370000.0,86.0,-34.5746861,-58.4204026,Palermo
66605.0,35.0,-34.5469954989,-58.4787410582,Saavedra
110000.0,51.0,-34.6044676,-58.4147628,Almagro
280000.0,101.0,-34.5942993509,-58.3827531672,Recoleta
100000.0,42.0,-34.5992637343,-58.3944425,Barrio Norte
52000.0,49.0,-34.685112,-58.462375,Villa Lugano
213000.0,84.0,-34.5822701,-58.4497051,Colegiales
245000.0,90.0,-34.578295,-58.449588,Colegiales
124900.0,55.0,-34.601908,-58.46867,Paternal
150000.0,71.0,-34.601122,-58.398267,Balvanera
122000.0,61.0,-34.6344407,-58.4747469,Floresta
120000.0,34.0,-34.5814285,-58.4336199,Palermo
84800.0,53.0,-34.6123096302,-58.4054908953,San Cristobal
189900.0,68.0,-34.573226,-58.424131,Palermo
128000.0,50.0,-34.565895,-58.489151,Villa Urquiza
95164.0,40.0,-34.5688712,-58.4884216,Villa Urquiza
125000.0,50.0,-34.6240354,-58.4042052,Balvanera
122000.0,44.0,-34.5901166454,-58.3940806918,Recoleta
60000.0,68.0,,,Villa Lugano
255000.0,94.0,-34.5933674,-58.3918794,Recoleta
99538.0,40.0,-34.6037137392,-58.3815808896,Balvanera
230000.0,82.0,-34.556396,-58.442307,Belgrano
110000.0,32.0,-34.56822,-58.458337,Belgrano
80000.0,35.0,-34.571953,-58.474451,Belgrano
133000.0,73.0,-34.596653,-58.429563,Balvanera
89500.0,50.0,-34.61747,-58.418382,Almagro
175000.0,64.0,-34.6205608,-58.3945161,Flores
94300.0,49.0,-34.6162229,-58.4184465,Almagro
199500.0,95.0,-34.6118061,-58.43886,Caballito
94000.0,51.0,-34.658557,-58.510823,Mataderos
125900.0,58.0,-34.6026363624,-58.4264703397,Almagro
178000.0,86.0,-34.5599543233,-58.4529212466,Belgrano
152000.0,59.0,-34.6125486,-58.4329775,Almagro
98000.0,51.0,-34.6252894049,-58.4803381387,Floresta
125000.0,50.0,-34.6001483,-58.4350161,Villa Crespo
158000.0,47.0,-34.5992438171,-58.4251966841,Almagro
150277.0,44.0,-34.6013646,-58.4348718,Villa Crespo
195000.0,87.0,-34.615582,-58.458885,Caballito
72000.0,46.0,-34.604215,-58.383689,San Nicolás
64900.0,39.0,-34.597101,-58.437714,Villa Crespo
131000.0,35.0,-34.549608,-58.474142,Nuñez
137000.0,58.0,-34.6017006,-58.388562,San Nicolás
138000.0,74.0,-34.6038236,-58.4272911,Almagro
159500.0,66.0,-34.6023526,-58.4344367,Villa Crespo
175000.0,60.0,-34.5976419,-58.4887663,Villa del Parque
309000.0,86.0,-34.5443763617,-58.4591152317,Nuñez
95000.0,60.0,-34.5974114,-58.4473135,Villa Crespo
73000.0,49.0,-34.604641,-58.392341,San Nicolás
87000.0,44.0,-34.6147916,-58.4061783,Balvanera
73000.0,38.0,-34.6253319,-58.4446144,Caballito
105485.0,37.0,-34.5620844,-58.4566864,Belgrano
382015.0,82.0,-34.567984,-58.4337562,Las Cañitas
95700.0,50.0,-34.586557,-58.477121,Villa Urquiza
174000.0,56.0,-34.5907652,-58.4172571,Palermo
120000.0,31.0,-34.5864871,-58.401926,Barrio Norte
120000.0,50.0,-34.6054382,-58.413499,Almagro
67000.0,32.0,-34.6235,-58.3977,San Cristobal
122000.0,45.0,-34.6097224,-58.430979,Caballito
83000.0,36.0,-34.6045568,-58.4297968,Almagro
130000.0,50.0,-34.5972063,-58.4416496,Villa Crespo
139000.0,42.0,-34.597769,-58.42644,Villa Crespo
120000.0,96.0,-34.634709,-58.480246,Floresta
111000.0,52.0,,,San Cristobal
95000.0,40.0,-34.5595420674,-58.4640609983,Belgrano
221700.0,69.0,-34.597769,-58.42644,Villa Crespo
205000.0,55.0,-34.5760392,-58.4569527,Colegiales
90000.0,50.0,-34.5742412,-58.4882355,Villa Urquiza
220000.0,81.0,-34.600433,-58.393042,Recoleta
125000.0,70.0,-34.6112232,-58.41567,Once
99000.0,38.0,-34.5692257148,-58.4890352239,Villa Urquiza
132000.0,33.0,-34.557808,-58.4519581,Belgrano
197900.0,96.0,-34.59741,-58.375055,Retiro
78000.0,35.0,-34.632917,-58.370265,Barracas
114000.0,35.0,-34.5691963,-58.4453972,Belgrano
100000.0,86.0,-34.651762,-58.50547,Mataderos
108600.0,39.0,-34.6028196,-58.4050207,Balvanera
157000.0,86.0,-34.6022019,-58.3976113,Barrio Norte
60000.0,36.0,-34.5848617389,-58.4892838222,Villa Pueyrredón
97000.0,40.0,-34.6209278,-58.4458736,Caballito
136000.0,46.0,-34.623771,-58.440083,Caballito
240000.0,70.0,-34.5597901,-58.4600378,Belgrano
142000.0,53.0,-34.582649,-58.432937,Palermo
310000.0,93.0,-34.6037137392,-58.3815808896,Belgrano
103018.0,33.0,-34.5688504,-58.4550232,Belgrano
107000.0,31.0,-34.6738382,-58.5115799,Palermo
135000.0,40.0,-34.5862322,-58.4491936,Colegiales
119000.0,39.0,-34.593848,-58.40036,Recoleta
220000.0,67.0,-34.5585253,-58.4513614,Belgrano
185000.0,96.0,-34.6086522,-58.4193876,Almagro
170000.0,58.0,-34.5963329,-58.3748272,Retiro
85000.0,34.0,,,San Telmo
150000.0,75.0,-34.6316435,-58.5192618,Versalles
130000.0,54.0,,,
175000.0,99.0,-34.622756,-58.443138,Caballito
180000.0,70.0,-34.5500232,-58.4634115,Nuñez
331000.0,73.0,-34.5602098434,-58.4438492037,Belgrano
92000.0,40.0,-34.570884,-58.488694,Villa Urquiza
93900.0,42.0,-34.588369,-58.483862,Parque Chas
140000.0,90.0,-34.6037137392,-58.3815808896,San Nicolás
78800.0,46.0,-34.620195,-58.40405,San Cristobal
95000.0,41.0,-34.6039994,-58.4557835,Villa Crespo
155000.0,84.0,-34.6121896,-58.4779525,Villa del Parque
68000.0,36.0,-34.6160275,-58.4673425,Flores
145000.0,75.0,,,Villa Luro
98000.0,52.0,-34.637834,-58.503098,Villa Luro
94500.0,39.0,-34.573723,-58.489966,Villa Urquiza
67600.0,35.0,-34.6184962081,-58.4064497116,San Cristobal
195000.0,63.0,-34.5660741,-58.4372368,Belgrano
77000.0,38.0,-34.6149042601,-58.3981135774,Balvanera
298000.0,94.0,-34.5720545,-58.4745649,Villa Urquiza
85000.0,59.0,-34.6226764,-58.3898616,Constitución
109000.0,37.0,-34.62818,-58.429483,Caballito
133000.0,75.0,-34.6074047747,-58.3907823249,Congreso
72000.0,31.0,-34.6374837,-58.4601452,Flores
63000.0,37.0,-34.633464,-58.368463,Barracas
87000.0,42.0,-34.647382,-58.4772734,Parque Avellaneda
195000.0,77.0,-34.5999764,-58.4037104,Balvanera
260000.0,60.0,,,Colegiales
169500.0,67.0,-34.5780621,-58.4952915,Villa Urquiza
129000.0,90.0,-34.6135876,-58.4107896,Once
119000.0,32.0,-34.5528589,-58.4702918,Nuñez
88000.0,31.0,-34.5435062,-58.4821436,Saavedra
100306.0,66.0,-34.5468894557,-58.4786123121,Saavedra
97000.0,37.0,-34.556809,-58.457834,Belgrano
86000.0,35.0,-34.6070921,-58.4306168,Villa Crespo
90000.0,32.0,-34.5856221,-58.4409353,Palermo
112677.0,34.0,-34.5777784,-58.4351583,Palermo
145000.0,45.0,-34.5817176348,-58.4486236993,Palermo
150000.0,75.0,-34.601282,-58.418141,Almagro
210000.0,80.0,-34.6205971,-58.4608572,Flores
100000.0,58.0,-34.627625,-58.360648,Boca
76000.0,34.0,-34.6177615,-58.383662,Monserrat
95568.0,40.0,-34.6037137392,-58.3815808896,Villa del Parque
175000.0,70.0,-34.621321,-58.3982505,San Cristobal
94000.0,41.0,-34.636179,-58.439476,Caballito
195000.0,87.0,-34.578362,-58.449633,Colegiales
145000.0,49.0,-34.6085504575,-58.4506525716,Caballito
159000.0,95.0,-34.602153,-58.412067,San Telmo
120000.0,42.0,-34.566885,-58.451021,Belgrano
350000.0,100.0,-34.561966,-58.46373,Belgrano
84500.0,36.0,-34.60808733,-58.43089266,Parque Centenario
115000.0,63.0,-34.6000747136,-58.4032361233,Once
73800.0,31.0,-34.617228,-58.457265,Caballito
130000.0,40.0,-34.603438,-58.4364402,Villa Crespo
110000.0,38.0,-34.5771094737,-58.4456268033,Colegiales
132000.0,56.0,-34.602623,-58.440056,Villa Crespo
169000.0,41.0,-34.5848012,-58.4115472,Palermo
189000.0,69.0,-34.5917085,-58.3969821,Recoleta
78000.0,41.0,-34.622681,-58.395551,San Cristobal
138000.0,66.0,-34.601017,-58.4313746,Almagro
90000.0,67.0,-34.622512,-58.388768,San Cristobal
62000.0,40.0,-34.6108831,-58.4003678,Balvanera
157000.0,33.0,-34.5596446354,-58.4543498558,Belgrano
138000.0,74.0,-34.6038236,-58.4272911,Parque Centenario
84000.0,47.0,,,
88000.0,48.0,-34.6042164,-58.4351228,Parque Centenario
140000.0,65.0,-34.6307325,-58.4815962,Floresta
198000.0,90.0,-34.554161,-58.4905798,Saavedra
61770.0,35.0,-34.6186349,-58.478887,Flores
92000.0,58.0,-34.6507766,-58.5155958,Liniers
157000.0,57.0,-34.6223398871,-58.4085322312,San Cristobal
91606.0,40.0,-34.629478,-58.45214,Caballito
85000.0,85.0,-34.6833842,-58.4750427,Villa Lugano
145000.0,80.0,-34.6063946,-58.4632121,Caballito
120000.0,50.0,-34.6045779,-58.4231909,Almagro
275000.0,89.0,-34.5706322,-58.4314264,Nuñez
75000.0,42.0,-34.583784587,-58.455382866,Chacarita
99500.0,63.0,-34.6087786,-58.430114,Caballito
53000.0,35.0,-34.6144978,-58.38456,Monserrat
65000.0,42.0,-34.6119155,-58.411536,Balvanera
210000.0,60.0,-34.5645773032,-58.4574136772,Belgrano
160000.0,46.0,-34.5938779,-58.429594,Palermo
85900.0,52.0,-34.592467,-58.410649,Palermo
103000.0,49.0,-34.6261244,-58.3859524,Constitución
137000.0,42.0,-34.607026,-58.442438,Caballito
135000.0,64.0,-34.602823,-58.36824,San Nicolás
119900.0,36.0,-34.5636949,-58.4581944,Belgrano
193000.0,55.0,-34.5624033,-58.4667165,Belgrano
139000.0,48.0,-34.621654,-58.440164,Caballito
290000.0,72.0,-34.5757551,-58.4345373,Palermo
158000.0,72.0,-34.6010624,-58.4376694,Villa Crespo
140000.0,59.0,-34.6213002,-58.4384732,Caballito
95800.0,42.0,-34.5687875,-58.4966697,Villa Urquiza
200000.0,68.0,-34.60662,-58.4304928,Parque Centenario
75000.0,40.0,-34.604293,-58.4063222,Balvanera
145000.0,72.0,-34.5966202515,-58.3806085715,Centro / Microcentro
295000.0,94.0,-34.5894701,-58.4078757,Recoleta
79500.0,47.0,-34.618015,-58.460499,Flores
123000.0,89.0,,,Floresta
91500.0,49.0,-34.605719,-58.431068,Villa Crespo
135000.0,58.0,-34.5605705,-58.4590119,Belgrano
83000.0,41.0,-34.6392412,-58.478673,Floresta
180000.0,74.0,-34.5653042899,-58.4379652889,Belgrano
85000.0,55.0,-34.626001,-58.462254,Flores
380000.0,100.0,-34.5861558174,-58.4150055376,Palermo
180000.0,50.0,-34.5671171991,-58.4578875283,Belgrano
137000.0,74.0,-34.6349102655,-58.4732609116,Flores
107500.0,37.0,-34.552745,-58.462983,Nuñez
143000.0,90.0,-34.621433,-58.390041,Monserrat
118000.0,40.0,-34.6087862,-58.4304906,Caballito
176000.0,61.0,-34.557199,-58.480847,Saavedra
230500.0,66.0,-34.613041,-58.43307,Caballito
158000.0,63.0,-34.558046,-58.460923,Belgrano
165000.0,85.0,-34.6004038,-58.4954328,Villa del Parque
138000.0,58.0,-34.6037137392,-58.3815808896,Belgrano
152000.0,60.0,-34.613702,-58.414297,Balvanera
165000.0,100.0,-34.5766379926,-58.5080122948,Villa Pueyrredón
78000.0,42.0,-34.6156378,-58.3904158,Monserrat
153000.0,45.0,-34.6143545,-58.3789342,Monserrat
105000.0,40.0,-34.622264,-58.462749,Flores
170000.0,75.0,-34.5975105,-58.424968,Palermo
140000.0,48.0,-34.5782727,-58.4305343,Palermo
69458.0,34.0,-34.63099,-58.4201892,Boedo
110000.0,40.0,-34.5742806,-58.4346696,Palermo
84000.0,32.0,-34.604941,-58.468401,Paternal
105100.0,73.0,-34.58625,-58.504783,Villa Pueyrredón
160000.0,48.0,-34.6000429,-58.3782438,Retiro
105000.0,51.0,-34.5608555,-58.4871561,Saavedra
73800.0,41.0,-34.597255,-58.447667,Villa Crespo
248000.0,98.0,-34.591999,-58.389566,Recoleta
133000.0,75.0,-34.6073418,-58.3907693,Congreso
88000.0,50.0,-34.5936389,-58.5061652,Villa Devoto
112419.0,42.0,-34.5688712,-58.4884216,Villa Urquiza
137000.0,56.0,-34.604515,-58.437133,Villa Crespo
200000.0,70.0,-34.574527,-58.4343949,Palermo
160000.0,82.0,-34.600998,-58.396175,Balvanera
174250.0,47.0,-34.6153103,-58.3619834,Puerto Madero
105700.0,37.0,-34.62818,-58.429483,Caballito
268000.0,79.0,-34.5915663,-58.5068965,Villa Devoto
135000.0,49.0,-34.6430209603,-58.5109811153,Liniers
84280.0,38.0,-34.6442238986,-58.4573940742,Flores
92304.0,31.0,-34.562909,-58.465303,Belgrano
220000.0,85.0,-34.555416,-58.471774,Nuñez
90000.0,45.0,-34.6119796,-58.4222431,Almagro
265000.0,60.0,-34.569335,-58.4348693,Palermo
189302.0,65.0,-34.5731507,-58.482362,Villa Urquiza
240000.0,95.0,-34.643737,-58.496761,Villa Luro
152638.0,35.0,-34.562909,-58.465303,Belgrano
78000.0,46.0,-34.611289,-58.407316,Balvanera
70000.0,33.0,-34.6058536,-58.4384072,Villa Crespo
205000.0,60.0,-34.5675474818,-58.4323055182,Las Cañitas
102000.0,38.0,-34.63099,-58.4201892,Boedo
145000.0,50.0,-34.5714065,-58.481306,Villa Urquiza
95000.0,38.0,-34.589875,-58.4771736,Agronomía
73000.0,31.0,-34.6173477,-58.4494039,Caballito
95000.0,44.0,-34.6157145,-58.4170203,Almagro
90000.0,38.0,-34.5798552,-58.4916429,Villa Urquiza
107720.0,47.0,-34.6244303,-58.3741828,San Telmo
105000.0,55.0,-34.6197085691,-58.3744502855,San Telmo
149900.0,100.0,-34.63259,-58.468766,Flores
299000.0,77.0,-34.6269253507,-58.3724840391,San Telmo
129900.0,70.0,,,Floresta
222500.0,77.0,-34.597769,-58.42644,Villa Crespo
98000.0,35.0,-34.5541654,-58.4655168,Nuñez
109500.0,35.0,-34.6047969,-58.454126,Villa Crespo
270000.0,51.0,-34.577367,-58.424845,Palermo
99000.0,33.0,-34.5685575,-58.4534297,Belgrano
98900.0,35.0,-34.602432,-58.395866,Barrio Norte
148000.0,67.0,-34.6086686,-58.3976941,Balvanera
174000.0,79.0,-34.6315375,-58.4541557,Flores
70000.0,35.0,-34.6025011,-58.4663309,Paternal
149500.0,44.0,-34.5549509,-58.4671186,Nuñez
99000.0,42.0,,,Belgrano
94000.0,41.0,-34.5881967,-58.5014288,Villa Devoto
83840.0,37.0,-34.6288131,-58.4722301,Villa del Parque
165000.0,56.0,-34.57304,-58.479785,Villa Urquiza
125000.0,72.0,-34.627792,-58.360443,Boca
289000.0,99.0,-34.5684201,-58.4532923,Belgrano
119000.0,43.0,-34.6051279,-58.4394663,Villa Crespo
85000.0,33.0,-34.5884433,-58.4193632,Palermo
142000.0,34.0,-34.5708216,-58.4487136,Belgrano
117000.0,62.0,-34.562803,-58.487628,Villa Urquiza
78000.0,32.0,-34.5658889,-58.4827765,Villa Urquiza
52000.0,31.0,-34.631901,-58.363538,Boca
92000.0,34.0,-34.5978398,-58.4249739,Palermo
150000.0,40.0,-34.5881852,-58.4189702,Barrio Norte
135000.0,35.0,-34.5889201,-58.4002698,Barrio Norte
115000.0,55.0,-34.5451249855,-58.4787020744,Belgrano
115000.0,44.0,-34.573034,-58.479323,Villa Urquiza
140000.0,40.0,-34.558509,-58.451793,Belgrano
105500.0,46.0,-34.60808733,-58.43089266,Villa Crespo
85000.0,54.0,-34.632413,-58.370082,Barracas
99000.0,74.0,-34.6072023,-58.4035194,Once
114000.0,45.0,-34.6057005,-58.3779666,Barrio Norte
79000.0,36.0,-34.6045547,-58.3802473,San Nicolás
115000.0,47.0,-34.632656,-58.461124,Flores
112000.0,58.0,-34.6226547,-58.3953694,San Cristobal
91000.0,38.0,-34.6036844,-58.3815591,Congreso
125000.0,70.0,-34.6112232,-58.41567,Almagro
138000.0,44.0,-34.5790338,-58.438252,Palermo
150000.0,94.0,-34.6215943543,-58.388909319,Constitución
157000.0,53.0,-34.585554,-58.416574,Palermo
85000.0,40.0,-34.6185065,-58.3797127,Constitución
80000.0,74.0,-34.572265,-58.494987,Villa Urquiza
127000.0,53.0,-34.5669885,-58.4579254,Belgrano
74000.0,40.0,,,
85800.0,39.0,-34.597713,-58.424199,Palermo
202616.0,67.0,-34.589548,-58.4193856,Palermo
80000.0,39.0,,,
279900.0,100.0,-34.587097,-58.412139,Barrio Norte
165700.0,66.0,-34.625307,-58.415024,Boedo
146076.0,52.0,-34.54179,-58.476815,Nuñez
82000.0,31.0,-34.633021,-58.370341,Barracas
154500.0,49.0,-34.597769,-58.42644,Villa Crespo
135000.0,47.0,-34.6206226,-58.3684327,San Telmo
170000.0,60.0,,,
95000.0,35.0,-34.5937992,-58.4128129,Palermo
95000.0,39.0,-34.603514,-58.4086976,Balvanera
90000.0,50.0,-34.6302698,-58.3743465,Barracas
240000.0,90.0,-34.6248691,-58.4627352,Flores
75000.0,37.0,,,Flores
255000.0,81.0,-34.6223398871,-58.4085322312,San Cristobal
82000.0,34.0,-34.6177615,-58.383662,Monserrat
127000.0,47.0,-34.5711496,-58.4232966,Palermo
340000.0,73.0,-34.5613049,-58.4601782,Belgrano
124999.0,68.0,-34.598331,-58.403728,Recoleta
138000.0,76.0,-34.6036844,-58.3815591,Balvanera
160000.0,78.0,-34.609929,-58.415977,Almagro
71900.0,37.0,-34.595955,-58.447416,Villa Crespo
115000.0,60.0,-34.6027679,-58.4568995,Paternal
89000.0,38.0,-34.600022,-58.4175858,Almagro
90000.0,72.0,-34.6539485,-58.393004,Barracas
70000.0,43.0,-34.6200663,-58.3888229,Monserrat
210000.0,76.0,-34.586033,-58.41367,Palermo
190000.0,47.0,-34.5820910144,-58.4133710234,Barrio Norte
140000.0,53.0,-34.598107,-58.410285,Palermo
119000.0,47.0,-34.6221405894,-58.4587847804,Caballito
187000.0,81.0,-34.5686264737,-58.4496581554,Belgrano
125000.0,39.0,-34.5500517,-58.482934,Saavedra
75000.0,42.0,-34.6100246,-58.4239755,Almagro
220000.0,60.0,-34.5981047382,-58.4342551947,Villa Crespo
150000.0,98.0,-34.6097193,-58.4018129,Once
146000.0,46.0,-34.597769,-58.42644,Villa Crespo
55000.0,35.0,-34.6186349,-58.478887,Flores
99500.0,42.0,-34.5636408,-58.4903092,Saavedra
123000.0,43.0,-34.607587,-58.4306631,Parque Centenario
112000.0,36.0,-34.5907652,-58.4172571,Palermo
195000.0,55.0,-34.5550983,-58.4618776,Belgrano
78000.0,40.0,-34.625227,-58.457758,Flores
72000.0,39.0,-34.60144,-58.426881,Almagro
187000.0,56.0,-34.619895,-58.430003,Caballito
131216.0,42.0,-34.5688712,-58.4884216,Villa Urquiza
130000.0,85.0,-34.604459,-58.4067658,Abasto
79000.0,36.0,-34.624942,-58.4121112,Boedo
105000.0,50.0,-34.599565,-58.428431,Villa Crespo
205000.0,57.0,-34.5681113,-58.4334831,Las Cañitas
195000.0,78.0,-34.5994246,-58.4079749,Once
65900.0,33.0,-34.616151,-58.50121,Monte Castro
66458.0,34.0,-34.63099,-58.4201892,Boedo
239000.0,100.0,-34.5594061,-58.4559962,Belgrano
95000.0,43.0,-34.58489,-58.419,Palermo
281170.0,100.0,-34.564511,-58.464647,Belgrano
93000.0,50.0,-34.619474,-58.370813,San Telmo
104400.0,45.0,-34.6177225707,-58.384115696,San Telmo
130000.0,62.0,-34.6401322,-58.4780661,Floresta
95000.0,34.0,-34.5911955,-58.5080558,Villa Pueyrredón
158000.0,75.0,-34.595787,-58.43482,Villa Crespo
290000.0,50.0,-34.5696558,-58.4329632,Palermo
185000.0,75.0,-34.6390703966,-58.3693349267,Barracas
130000.0,47.0,-34.6256602055,-58.4318008844,Caballito
120000.0,66.0,-34.584685,-58.443003,Palermo
85000.0,35.0,-34.6125,-58.3833333,Monserrat
87000.0,35.0,-34.590515,-58.4139364,Palermo
88517.0,45.0,-34.6283,-58.429794,Caballito
125000.0,45.0,-34.6076685,-58.449767,Paternal
145000.0,53.0,-34.612872,-58.430264,Caballito
72000.0,43.0,-34.617073,-58.503334,Villa del Parque
152000.0,80.0,-34.5987301,-58.4352229,Villa Crespo
219235.0,59.0,-34.6223362,-58.4348699,Caballito
158000.0,49.0,-34.557199,-58.480847,Saavedra
98000.0,34.0,-34.6036844,-58.3815591,Centro / Microcentro
148000.0,43.0,-34.598681,-58.4824163,Agronomía
75000.0,45.0,-34.5961213,-58.4460326,Villa Crespo
199000.0,50.0,-34.5905992,-58.4329758,Palermo
88498.0,34.0,-34.610953,-58.417757,Almagro
99800.0,39.0,-34.5718369,-58.479947,Villa Urquiza
94000.0,43.0,,,
87000.0,42.0,-34.5933,-58.4921,Agronomía
78000.0,31.0,-34.5816538,-58.4684523,Villa Ortuzar
88500.0,42.0,-34.6031379,-58.4574031,Caballito
230000.0,93.0,-34.5625468307,-58.4444345762,Belgrano
87000.0,47.0,-34.579783,-58.450549,Colegiales
145000.0,96.0,-34.618893,-58.461994,Flores
119000.0,76.0,-34.6027301,-58.3969938,Balvanera
169000.0,70.0,-34.5868037398,-58.4149373391,Palermo
67500.0,36.0,-34.6105529,-58.4117165,Almagro
80000.0,45.0,-34.5818853,-58.495122,Villa Pueyrredón
75000.0,40.0,-34.6123648,-58.4245924,Almagro
81000.0,42.0,-34.60801,-58.414779,Almagro
105000.0,33.0,-34.5582269,-58.4583569,Belgrano
130000.0,70.0,-34.616431,-58.500434,Monte Castro
95000.0,71.0,,,Barracas
183000.0,64.0,-34.579968,-58.432235,Palermo
125000.0,45.0,-34.5989208629,-58.4458254638,Villa Crespo
162000.0,45.0,-34.5636498,-58.4653792,Coghlan
96000.0,53.0,-34.610826,-58.384776,Monserrat
109000.0,50.0,-34.5361079,-58.4671889,Nuñez
122000.0,60.0,-34.6187943,-58.3874589,San Cristobal
120000.0,52.0,-34.60613,-58.4741353,Paternal
126800.0,49.0,-34.5720808,-58.4825026,Villa Urquiza
89000.0,42.0,-34.570884,-58.488694,Villa Urquiza
97000.0,43.0,,,
190729.0,67.0,-34.589548,-58.4193856,Palermo
95000.0,38.0,-34.6014275,-58.4163254,Almagro
118000.0,62.0,-34.6206226,-58.3684327,San Telmo
98000.0,40.0,-34.6285441,-58.3599534,Boca
130000.0,73.0,-34.6210893,-58.418407,Boedo
130000.0,42.0,-34.5832669927,-58.4445015453,Colegiales
177000.0,80.0,-34.584164,-58.422439,Palermo
225000.0,54.0,-34.5813995,-58.4493192,Colegiales
245000.0,98.0,-34.6035545017,-58.4181036625,Abasto
94000.0,55.0,-34.6033089,-58.3971897,Once
152000.0,46.0,-34.5708449,-58.440518,Belgrano
196000.0,55.0,-34.5546708,-58.4673571,Nuñez
142000.0,53.0,-34.5614675664,-58.4674706534,Belgrano
120000.0,67.0,-34.6264359,-58.3767255,San Telmo
141780.0,52.0,-34.5958969,-58.4715637,Paternal
185000.0,79.0,-34.633333,-58.466667,Flores
105000.0,38.0,-34.566505,-58.450619,Belgrano
279000.0,90.0,-34.5893050405,-58.4092220489,Barrio Norte
104999.0,62.0,-34.608668,-58.521697,Villa Devoto
76000.0,32.0,-34.6000876,-58.4195682,Almagro
115000.0,32.0,-34.582036,-58.451877,Colegiales
90000.0,31.0,-34.601351,-58.396668,Balvanera
125000.0,46.0,-34.557199,-58.480847,Saavedra
155000.0,75.0,-34.5907572,-58.4354142,Palermo
130000.0,60.0,-34.6207377,-58.4669447,Flores
143000.0,40.0,-34.5938779,-58.429594,Palermo
89035.0,38.0,-34.5688712,-58.4884216,Villa Urquiza
70000.0,33.0,-34.60751283,-58.44421337,Caballito
249900.0,76.0,-34.5605920994,-58.4439501857,Belgrano
124267.0,47.0,-34.58423,-58.4787009,Parque Chas
115079.0,49.0,-34.6244303,-58.3741828,San Telmo
120000.0,49.0,-34.5957547,-58.3960642,
236132.0,83.0,-34.572721,-58.483565,Villa Urquiza
92800.0,49.0,-34.6162229,-58.4184465,Almagro
84000.0,35.0,-34.584399,-58.425724,Palermo
160000.0,76.0,-34.5962954517,-58.4385510091,Villa Crespo
110000.0,53.0,-34.6109202,-58.416863,Almagro
98000.0,31.0,,,Palermo
83500.0,37.0,-34.61335,-58.38465,Centro / Microcentro
130000.0,57.0,-34.5741034,-58.4419019,Palermo
110760.0,42.0,-34.544171,-58.478875,Saavedra
145000.0,55.0,-34.5986211,-58.3714222,Centro / Microcentro
84000.0,46.0,-34.6031799,-58.394565,Balvanera
133000.0,75.0,-34.6073418,-58.3907693,Balvanera
147000.0,50.0,-34.573917,-58.489945,Villa Urquiza
93653.0,45.0,-34.593335,-58.442214,Villa Crespo
70000.0,31.0,-34.5775880586,-58.4963752416,Villa Urquiza
115000.0,59.0,-34.61174,-58.431977,Caballito
285000.0,88.0,-34.589809,-58.4463145,Chacarita
150000.0,52.0,-34.5536629526,-58.4555330697,Nuñez
96000.0,47.0,-34.6111409182,-58.3948150344,Congreso
205000.0,76.0,-34.55982,-58.481434,Nuñez
92107.0,31.0,-34.6014487472,-58.3971252862,Barrio Norte
142000.0,69.0,-34.5986461,-58.39644,Barrio Norte
78800.0,41.0,,,Villa Crespo
210000.0,65.0,-34.5915663,-58.5068965,Villa Devoto
98500.0,68.0,-34.609502,-58.411796,Balvanera
85000.0,59.0,-34.63003,-58.481137,Floresta
69000.0,37.0,-34.61321,-58.405661,Balvanera
90000.0,38.0,-34.573525,-58.442896,Palermo
117000.0,42.0,-34.5548123,-58.4396756,Belgrano
170000.0,67.0,-34.5818364,-58.4512878,Colegiales
154112.0,42.0,-34.544171,-58.478875,Saavedra
86000.0,43.0,-34.60171,-58.406754,Almagro
175000.0,42.0,-34.5829764,-58.4208597,Palermo
95000.0,50.0,-34.609508,-58.51432,Villa Devoto
95000.0,65.0,,,Congreso
190000.0,81.0,-34.5929249,-58.4031336,Barrio Norte
165000.0,79.0,-34.56537,-58.440363,Belgrano
85000.0,37.0,-34.5611709,-58.4658404,Coghlan
95000.0,52.0,-34.6140891,-58.4113361,Balvanera
98000.0,37.0,-34.577044,-58.447738,Colegiales
260000.0,75.0,-34.575922,-58.436826,Palermo
215100.0,63.0,,,Belgrano
88000.0,32.0,-34.588209,-58.430014,Palermo
90000.0,54.0,-34.6172737911,-58.4154084613,Almagro
118000.0,36.0,-34.5701065701,-58.4762481502,Villa Urquiza
154000.0,51.0,-34.6130232,-58.4403397,Caballito
233200.0,78.0,-34.597769,-58.42644,Villa Crespo
245000.0,81.0,-34.5930858,-58.4047026,Barrio Norte
191134.0,71.0,-34.54179,-58.476815,Nuñez
114000.0,38.0,-34.61601,-58.411101,Balvanera
205095.0,54.0,-34.6153103,-58.3619834,Puerto Madero
123000.0,65.0,-34.6476061,-58.4983902,Mataderos
208000.0,72.0,-34.5898226,-58.4176726,Palermo
190000.0,100.0,-34.6088594,-58.4697774,Villa General Mitre
220000.0,100.0,-34.6268136,-58.3742088,San Telmo
140000.0,45.0,-34.6212444,-58.4203257,Boedo
66458.0,35.0,-34.6177722,-58.406557,San Cristobal
199000.0,97.0,-34.621696,-58.409414,San Cristobal
97000.0,55.0,-34.616489,-58.418777,Almagro
88000.0,38.0,-34.6186575,-58.4011917,San Cristobal
160000.0,54.0,-34.5537706,-58.4555007,Belgrano
279000.0,91.0,-34.5700969,-58.4323015,Las Cañitas
165000.0,62.0,-34.59793,-58.3882455,Tribunales
99000.0,37.0,-34.5991142,-58.3945029,Barrio Norte
85000.0,63.0,-34.6132199,-58.4249296,Almagro
100000.0,31.0,-34.6037137392,-58.3815808896,Palermo
280000.0,50.0,-34.5875191,-58.4090566,Palermo
130000.0,46.0,-34.620318,-58.377252,San Telmo
73600.0,31.0,-34.6227163,-58.3915063,San Cristobal
325000.0,61.0,-34.6148839,-58.363056,Puerto Madero
79400.0,38.0,-34.561036,-58.465955,Belgrano
85000.0,40.0,-34.6096454,-58.4186777,Almagro
330000.0,69.0,-34.5806183,-58.442037,Palermo
125000.0,48.0,-34.5495458,-58.4541288,Nuñez
119000.0,54.0,-34.6095979,-58.4189946,Balvanera
71899.0,34.0,-34.593335,-58.442214,Villa Crespo
88060.0,34.0,-34.6063416,-58.4464868,Caballito
70000.0,37.0,-34.599477,-58.430738,Villa Crespo
85000.0,50.0,-34.6110666,-58.4871486,Villa Santa Rita
95000.0,50.0,-34.617048,-58.460831,Flores
285000.0,70.0,-34.5746052,-58.437618,Palermo
135000.0,72.0,-34.619789,-58.375994,San Telmo
72900.0,38.0,-34.629398,-58.39985,Parque Patricios
230000.0,90.0,-34.5900642,-58.3919863,Barrio Norte
124000.0,46.0,-34.5391519,-58.4648529,Nuñez
130000.0,57.0,-34.546659,-58.479767,Saavedra
96189.0,32.0,-34.572721,-58.483565,Villa Urquiza
190000.0,91.0,,,Floresta
86000.0,49.0,-34.60672,-58.42761,Almagro
135000.0,47.0,-34.5925561,-58.4309181,Palermo
81500.0,73.0,-34.58625,-58.504783,Villa Pueyrredón
110940.0,39.0,-34.5981394,-58.486145,Villa del Parque
111359.0,47.0,-34.6244303,-58.3741828,San Telmo
140000.0,55.0,-34.586138,-58.438585,Palermo
125000.0,40.0,-34.606967,-58.5157689,Villa Devoto
84000.0,36.0,-34.6133619,-58.38541,Monserrat
127000.0,49.0,-34.620698,-58.4284928,Caballito
79500.0,37.0,-34.6070697666,-58.4445573958,Caballito
90000.0,60.0,-34.6127235,-58.3927514,Balvanera
105000.0,59.0,-34.6189485,-58.5069368,Monte Castro
98000.0,44.0,-34.620043,-58.462678,Flores
130000.0,66.0,-34.6148053,-58.4769393,Villa del Parque
220000.0,86.0,-34.576864,-58.448797,Colegiales
86400.0,50.0,-34.617975,-58.460451,Flores
90000.0,33.0,-34.609251,-58.431375,Caballito
99000.0,65.0,-34.61901,-58.377319,San Telmo
220000.0,64.0,-34.5716907995,-58.4774176961,Villa Urquiza
87000.0,35.0,-34.596662,-58.407247,Recoleta
82000.0,49.0,-34.6340028063,-58.5291707087,Versalles
105000.0,38.0,-34.6121231,-58.3672281,Belgrano
226063.0,83.0,-34.572721,-58.483565,Villa Urquiza
108000.0,51.0,-34.638122,-58.363254,Boca
83000.0,56.0,-34.605735,-58.404241,Balvanera
67000.0,33.0,-34.6233306,-58.461768,Caballito
75500.0,32.0,-34.6313393607,-58.3739196904,Barracas
90000.0,60.0,-34.5976889,-58.3795044,San Nicolás
120000.0,39.0,-34.5861553,-58.4300609,Palermo
115000.0,63.0,-34.5966566,-58.4381344,Villa Crespo
91500.0,44.0,-34.639048,-58.521131,Liniers
132000.0,47.0,-34.559446,-58.468637,Belgrano
145000.0,60.0,-34.554374,-58.46323,Nuñez
130000.0,42.0,-34.5553119,-58.4405232,Belgrano
114000.0,67.0,-34.58751,-58.510665,Villa Devoto
220000.0,86.0,-34.63295,-58.373844,Barracas
94900.0,52.0,-34.623868,-58.369812,San Telmo
189000.0,53.0,-34.578237,-58.433597,Palermo
170000.0,72.0,-34.577857,-58.495352,Villa Urquiza
125000.0,71.0,-34.6118917,-58.3970302,Congreso
107000.0,42.0,-34.592068,-58.4334936,Palermo
203000.0,44.0,-34.6113922,-58.373383,Monserrat
75000.0,34.0,-34.599055,-58.478508,Agronomía
70000.0,31.0,-34.6033997612,-58.3984088548,Once
100000.0,52.0,-34.637834,-58.503098,Villa Luro
80000.0,64.0,-34.632076,-58.3630584,Boca
395000.0,58.0,-34.607036,-58.3667729,Puerto Madero
85000.0,60.0,-34.6378706,-58.3602495,Balvanera
90000.0,44.0,-34.6174473,-58.3752695,San Telmo
99300.0,46.0,-34.6195076,-58.4780504,Flores
129000.0,59.0,-34.6107644,-58.4289207,Almagro
122000.0,36.0,-34.5804014042,-58.4418550761,Palermo
98000.0,51.0,-34.6246107,-58.4513613,Caballito
245000.0,94.0,-34.5898479,-58.4074028,Palermo
215000.0,88.0,-34.5968099043,-58.4419467474,Villa Crespo
135000.0,95.0,-34.6313504,-58.487992,Floresta
97000.0,50.0,-34.5560058,-58.4779032,Coghlan
155000.0,46.0,-34.5512502,-58.4523873,Nuñez
135000.0,61.0,-34.629394,-58.506856,Monte Castro
65000.0,56.0,-34.6535155,-58.5229925,Liniers
92500.0,43.0,-34.6381014,-58.4319068,Parque Chacabuco
149000.0,63.0,-34.568528,-58.472028,Villa Urquiza
225000.0,70.0,-34.5859727,-58.4148281,Recoleta
109000.0,62.0,-34.6050004,-58.4591789,Paternal
105300.0,36.0,-34.62818,-58.429483,Caballito
125000.0,51.0,-34.633449,-58.36955,Boca
135500.0,43.0,-34.553811,-58.453759,Belgrano
95000.0,34.0,-34.6031267,-58.4410494,Villa Crespo
94000.0,35.0,-34.5715462,-58.4832391,Villa Urquiza
82000.0,73.0,-34.6316459,-58.3629581,Boca
150000.0,60.0,-34.567026,-58.438361,Palermo
176000.0,60.0,-34.610635,-58.443855,Caballito
70000.0,33.0,-34.6243555704,-58.4080709784,San Cristobal
108000.0,36.0,-34.5972185,-58.3918557,Barrio Norte
185000.0,63.0,-34.5602381374,-58.4436559523,Belgrano
191000.0,47.0,-34.5495227,-58.4692294,Nuñez
179000.0,65.0,-34.549461,-58.471556,Nuñez
90000.0,43.0,-34.5830691,-58.4481004,Palermo
180000.0,79.0,-34.5620246,-58.4580944,Belgrano
129000.0,55.0,,,
145000.0,50.0,-34.6306674,-58.4534846,Caballito
88000.0,46.0,-34.5786879,-58.4573579,Belgrano
276500.0,90.0,-34.595346,-58.441408,Villa Crespo
183300.0,61.0,-34.5719003943,-58.4744939153,Villa Urquiza
78100.0,35.0,-34.5933706,-58.4422322,Villa Crespo
146000.0,67.0,-34.58751,-58.510665,Villa Devoto
125000.0,60.0,-34.5843603,-58.453461,Chacarita
76184.0,34.0,-34.593335,-58.442214,Villa Crespo
80000.0,35.0,-34.5758276,-58.4951948,Villa Urquiza
84500.0,42.0,-34.60615,-58.379495,San Nicolás
93000.0,37.0,-34.5663095,-58.4703235,Belgrano
93975.0,31.0,-34.595916,-58.408314,Recoleta
127000.0,48.0,-34.560245,-58.44525,Belgrano
125000.0,70.0,-34.6414216,-58.5276695,Liniers
104000.0,33.0,-34.5783349,-58.4235097,Palermo
118000.0,36.0,-34.5493342,-58.4543951,Nuñez
148847.0,58.0,-34.6125496,-58.4329772,Almagro
144000.0,70.0,-34.6234204,-58.4122482,Boedo
149000.0,42.0,-34.5729256,-58.4799238,Villa Urquiza
73000.0,42.0,-34.6312846,-58.4679579,Flores
75000.0,35.0,-34.583376,-58.4729872,Villa Urquiza
135000.0,70.0,-34.602763873,-58.4331898201,Almagro
146000.0,68.0,,,Nuñez
110000.0,70.0,-34.623632,-58.378348,San Telmo
101808.0,35.0,-34.6148483,-58.4604643,Caballito
105000.0,43.0,-34.5989732,-58.4290863,Villa Crespo
137000.0,42.0,-34.607026,-58.442438,Caballito
80000.0,37.0,,,Floresta
165000.0,86.0,-34.637834,-58.503098,Villa Luro
127000.0,56.0,-34.632917,-58.370265,Barracas
100200.0,47.0,-34.5564958379,-58.4890118641,Villa Urquiza
115000.0,48.0,-34.5742368234,-58.4725524607,Coghlan
120000.0,70.0,-34.6046743299,-58.4019804129,Centro / Microcentro
270000.0,77.0,-34.562086,-58.448357,Belgrano
75000.0,34.0,-34.5936671,-58.4452762,Chacarita
69000.0,35.0,-34.6213248919,-58.3741378784,San Telmo
85000.0,42.0,-34.598987,-58.376997,Centro / Microcentro
165000.0,69.0,-34.596431,-58.379939,Retiro
99800.0,44.0,-34.578829,-58.479238,Villa Urquiza
135000.0,78.0,-34.6225465508,-58.4614326603,Flores
184000.0,99.0,-34.5970138957,-58.4341279413,Villa Crespo
84000.0,31.0,-34.6303559,-58.4516335321,Caballito
159000.0,63.0,-34.5627120494,-58.4576464929,Belgrano
95000.0,50.0,-34.6251184,-58.3767435,San Telmo
60000.0,57.0,-34.6627068247,-58.4704475068,Parque Avellaneda
110000.0,48.0,-34.5942724,-58.4949974,Villa del Parque
75000.0,31.0,-34.6168109,-58.4258977,Almagro
99000.0,61.0,-34.6062543713,-58.4028183069,Balvanera
115000.0,70.0,-34.6371937,-58.4391081,Caballito
230000.0,90.0,-34.6304352,-58.4265762,Boedo
84500.0,44.0,-34.623511,-58.509718,Villa Devoto
92000.0,39.0,-34.602018189,-58.4312446717,Almagro
75600.0,42.0,-34.623749,-58.502625,Villa Luro
109000.0,53.0,-34.6036554,-58.4167791,Almagro
205000.0,79.0,-34.571477,-58.4813,Villa Urquiza
93500.0,36.0,-34.6031267,-58.4410494,Villa Crespo
159900.0,65.0,-34.588209,-58.420379,Palermo
154500.0,65.0,-34.59475,-58.4398737,Villa Crespo
118000.0,33.0,-34.5572395,-58.4649269,Belgrano
197000.0,69.0,-34.5804119,-58.4295334,Palermo
80000.0,35.0,-34.605789,-58.419346,Almagro
177000.0,55.0,-34.6150122,-58.4421941,Caballito
83000.0,37.0,-34.6130871,-58.3813599,Monserrat
85000.0,35.0,-34.599703,-58.407118,Abasto
131500.0,50.0,-34.598107,-58.410285,Palermo
130000.0,45.0,-34.628105,-58.4372342,Caballito
95000.0,60.0,-34.6256063,-58.4535639,Caballito
118000.0,46.0,-34.605963,-58.429451,Caballito
148000.0,56.0,-34.5608635,-58.4618463,Belgrano
138000.0,50.0,-34.5538375,-58.4403684,Belgrano
74900.0,68.0,-34.625153,-58.38359,Constitución
150000.0,60.0,-34.6414041336,-58.3707143353,Barracas
155000.0,50.0,-34.5537438,-58.4367477,Belgrano
136000.0,45.0,-34.5978249,-58.4164389,Palermo
175000.0,45.0,-34.5519973086,-58.4587302629,Nuñez
190000.0,72.0,-34.5614806844,-58.4642091688,Villa Urquiza
68000.0,46.0,-34.643274,-58.373569,Barracas
120000.0,37.0,-34.5677584,-58.4751802,Belgrano
85000.0,38.0,-34.6116423,-58.4465187,Caballito
92000.0,35.0,-34.5572395,-58.4649269,Belgrano
110000.0,80.0,-34.6331221,-58.3610542,Boca
138500.0,78.0,-34.587874,-58.439841,Palermo
74676.0,34.0,-34.593335,-58.442214,Villa Crespo
62000.0,57.0,-34.648355,-58.456364,Flores
135000.0,55.0,-34.613259,-58.441166,Caballito
82000.0,43.0,,,
235000.0,88.0,-34.578705,-58.489044,Villa Urquiza
240000.0,86.0,-34.594393,-58.3976095,Barrio Norte
190000.0,50.0,-34.5782365,-58.4234705,Palermo
149500.0,95.0,-34.6025109,-58.4291235,Villa Crespo
73000.0,37.0,-34.6045835,-58.374937,Congreso
96000.0,34.0,-34.5609681,-58.4758459,Coghlan
165000.0,85.0,-34.5975665,-58.4410115,Villa Crespo
160000.0,86.0,-34.6206092,-58.4608419,Flores
91200.0,34.0,-34.5824698,-58.4232882,Palermo
89000.0,37.0,-34.6210349,-58.4175258,Almagro
93000.0,42.0,-34.6035293,-58.4426917,Villa Crespo
110000.0,43.0,-34.6072245,-58.4299827,Almagro
79000.0,57.0,-34.623395,-58.483639,Villa del Parque
140000.0,70.0,-34.5843603,-58.453461,Chacarita
84900.0,65.0,-34.6296861,-58.4663085,Flores
390000.0,88.0,-34.6134686,-58.3624207,Puerto Madero
145000.0,55.0,-34.5838899,-58.446205,Colegiales
89000.0,42.0,-34.5868243,-58.4709285,Villa Ortuzar
85000.0,33.0,-34.5990819676,-58.421941084,Almagro
185000.0,79.0,-34.6243382284,-58.4584291873,Flores
135000.0,50.0,-34.5942200865,-58.4034886949,Barrio Norte
99900.0,46.0,-34.595311,-58.441558,Villa Crespo
272000.0,86.0,-34.5909274,-58.394947,Recoleta
257000.0,101.0,-34.5857939,-58.3941849,Recoleta
275000.0,90.0,-34.579447,-58.440635,Palermo
170000.0,88.0,-34.636891,-58.488803,Floresta
159500.0,65.0,-34.5961309,-58.4388536,Villa Crespo
149000.0,70.0,-34.5976786,-58.4430195,Villa Crespo
80000.0,47.0,-34.616328,-58.391476,Congreso
74500.0,38.0,-34.5632157,-58.4749849,Coghlan
125000.0,46.0,-34.5991285,-58.4449945,Villa Crespo
183000.0,87.0,-34.6140311,-58.4248489,Almagro
169500.0,77.0,-34.6299244,-58.4098381,Parque Patricios
132000.0,53.0,-34.579164,-58.429177,Palermo
65000.0,34.0,-34.616027,-58.387466,Constitución
89000.0,50.0,-34.617634,-58.418534,Almagro
112000.0,55.0,-34.631813,-58.461385,Flores
309000.0,86.0,-34.5443763617,-58.4591152317,Nuñez
180000.0,75.0,-34.5650308,-58.4641786,Belgrano
175000.0,70.0,-34.5972096913,-58.3975115243,Barrio Norte
114000.0,33.0,-34.5658015878,-58.4373694328,Las Cañitas
109472.0,37.0,-34.564511,-58.464647,Belgrano
129000.0,40.0,-34.5953532,-58.4361049,Villa Crespo
115000.0,78.0,-34.6166811,-58.3869394,Balvanera
115000.0,40.0,-34.583705,-58.433254,Palermo
75000.0,32.0,-34.6005215,-58.386201,Tribunales
130000.0,90.0,-34.6492032,-58.5101665,Liniers
145000.0,51.0,-34.6120151,-58.3982749,Congreso
185000.0,75.0,-34.5979106,-58.405999,Recoleta
122000.0,60.0,-34.6244262,-58.3973636,San Cristobal
120000.0,55.0,-34.5551536,-58.4811299,Saavedra
250000.0,80.0,-34.5492098,-58.4622706,Nuñez
260000.0,94.0,-34.5945010166,-58.397051867,Recoleta
175000.0,81.0,-34.5925,-58.403827,Recoleta
176000.0,74.0,-34.62421,-58.443412,Caballito
87000.0,42.0,-34.6572422,-58.5029706,Mataderos
320000.0,87.0,-34.5862396,-58.387691,Recoleta
120000.0,69.0,-34.6260802,-58.4624526,Flores
93000.0,31.0,-34.565648,-58.489172,Villa Urquiza
241900.0,70.0,-34.5529126,-58.4575992,Nuñez
240000.0,70.0,-34.5597901,-58.4600378,Belgrano
90000.0,50.0,-34.6455229,-58.465639,Almagro
143000.0,44.0,-34.607026,-58.442438,Caballito
138000.0,36.0,-34.564942,-58.451742,Belgrano
115000.0,57.0,-34.5832446,-58.4557785,Chacarita
158356.0,98.0,-34.631255,-58.370463,Barracas
150000.0,80.0,-34.6044772,-58.4066461,Once
190000.0,61.0,-34.5711476,-58.4808834,Villa Urquiza
350000.0,100.0,-34.555317,-58.4571433,Belgrano
75000.0,42.0,-34.604524,-58.399445,Once
159000.0,67.0,-34.5796587,-58.4766458,Villa Urquiza
175000.0,76.0,-34.6174533,-58.4378953,Caballito
119000.0,51.0,-34.5893829666,-58.5113893259,Villa Pueyrredón
210000.0,56.0,-34.5814909,-58.4483922,Palermo
79800.0,37.0,-34.615974,-58.438168,Flores
176000.0,80.0,-34.6268056,-58.4604629,Flores
97500.0,34.0,-34.6031267,-58.4410494,Villa Crespo
75000.0,37.0,-34.599627,-58.430716,Villa Crespo
85000.0,41.0,-34.5719528,-58.4744428,Belgrano
160000.0,64.0,-34.6135374,-58.3875606,Congreso
185000.0,37.0,-34.5762386,-58.4199784,Palermo
92200.0,46.0,-34.6195076,-58.4780504,Flores
165000.0,63.0,-34.597836,-58.430271,Villa Crespo
167000.0,87.0,-34.62106,-58.377957,San Telmo
151800.0,69.0,-34.6239658,-58.3656092,Parque Patricios
149900.0,69.0,-34.595587,-58.439307,Villa Crespo
155000.0,80.0,-34.6117395,-58.4739117,Paternal
85000.0,42.0,-34.6030744969,-58.452836385,Villa Crespo
81900.0,34.0,-34.60746,-58.43891555,Parque Centenario
240000.0,91.0,-34.6037137392,-58.3815808896,Barrio Norte
80000.0,64.0,-34.626128,-58.377914,San Telmo
105000.0,57.0,-34.6067575077,-58.4878228624,Villa del Parque
85000.0,52.0,,,
102500.0,35.0,-34.5915564,-58.4178288,Palermo
115000.0,46.0,-34.579282,-58.48918,Villa Urquiza
148000.0,69.0,-34.5998659,-58.4489357,Villa Crespo
359950.0,75.0,-34.5595205148,-58.4451138624,Belgrano
85000.0,36.0,-34.6022218,-58.3989723,Balvanera
95000.0,35.0,-34.591568,-58.4135803,Palermo
151000.0,54.0,-34.583374,-58.494235,Villa Pueyrredón
74000.0,44.0,-34.5985436,-58.5013981,Villa Devoto
300000.0,76.0,-34.5897591,-58.3938115,Barrio Norte
65000.0,36.0,-34.621749,-58.384373,Monserrat
185000.0,56.0,-34.5787149,-58.4339876,Palermo
250000.0,97.0,-34.60015,-58.39287,Recoleta
239000.0,80.0,-34.5575196,-58.4741215,Belgrano
180000.0,63.0,-34.5446865,-58.4659096,Belgrano
92000.0,52.0,-34.627876,-58.494816,Velez Sarsfield
148000.0,64.0,-34.5961219,-58.4255006,Villa Crespo
150000.0,85.0,-34.6120655,-58.4057337,Balvanera
72000.0,31.0,-34.6182787,-58.5005212,Villa Devoto
128000.0,47.0,-34.610376,-58.443425,Caballito
136000.0,58.0,-34.5611136,-58.4575457,Belgrano
120000.0,47.0,-34.620698,-58.4284928,Caballito
220000.0,72.0,-34.5502714,-58.4531919,Belgrano
166000.0,66.0,-34.556652,-58.456717,Belgrano
330000.0,90.0,-34.5883642,-58.3900662,Recoleta
92500.0,55.0,-34.6451582,-58.4907929,Parque Avellaneda
112000.0,36.0,-34.596812,-58.413727,Palermo
180000.0,37.0,-34.6212351809,-58.3610688508,Puerto Madero
102921.0,46.0,-34.5904622,-58.370987,Paternal
135000.0,56.0,-34.6138007421,-58.3924221222,Congreso
99306.0,36.0,-34.572721,-58.483565,Villa Urquiza
190000.0,87.0,-34.5921362,-58.4118019,Palermo
340000.0,70.0,-34.5600767,-58.4463618,Belgrano
86900.0,38.0,-34.599762,-58.42598,Palermo
92000.0,59.0,-34.600837,-58.401234,Once
145000.0,52.0,-34.5475074,-58.4842066,Saavedra
125000.0,68.0,-34.6262815,-58.4538101,Flores
149000.0,58.0,-34.5620844,-58.4566864,Belgrano
173000.0,83.0,-34.600186,-58.468359,Paternal
156000.0,70.0,-34.609251,-58.431375,Caballito
110207.0,34.0,-34.5671066,-58.4723916,Villa Urquiza
143000.0,53.0,-34.5515084,-58.4647326,Nuñez
125000.0,47.0,-34.5900264,-58.3939516,Recoleta
145000.0,69.0,-34.5998773,-58.4813819,Villa del Parque
165000.0,60.0,-34.597982,-58.426876,Almagro
60000.0,31.0,,,
145000.0,50.0,-34.6405283,-58.5294588,Villa Luro
168500.0,46.0,-34.5562882,-58.4614498,Coghlan
139500.0,70.0,-34.6025627,-58.4419902,Parque Centenario
155000.0,76.0,-34.6120974507,-58.4238887621,Almagro
120000.0,45.0,-34.5982067,-58.4220727,Palermo
70000.0,40.0,-34.6094846,-58.4186866,Almagro
70000.0,50.0,-34.607709,-58.392334,Congreso
93000.0,48.0,-34.546881,-58.478594,Saavedra
115400.0,34.0,,,Almagro
195000.0,47.0,-34.5680671,-58.4334097,Las Cañitas
95000.0,53.0,-34.6130871,-58.3813599,Monserrat
175000.0,51.0,-34.5706156,-58.4314047,Palermo
320000.0,58.0,-34.5535295,-58.4495668,Belgrano
214073.0,82.0,-34.612287,-58.422895,Almagro
138000.0,66.0,-34.601017,-58.4313746,Villa Crespo
77500.0,48.0,-34.644418,-58.484017,Parque Avellaneda
189500.0,55.0,-34.56365,-58.4653795,Belgrano
148000.0,63.0,-34.546659,-58.479767,Saavedra
193000.0,55.0,-34.5546708,-58.4673571,Nuñez
130000.0,43.0,-34.551423,-58.470333,Nuñez
165000.0,86.0,-34.637834,-58.503098,Villa Luro
138159.0,57.0,-34.6235515,-58.3740817,San Telmo
157000.0,60.0,-34.597982,-58.426876,Almagro
105000.0,49.0,-34.6545286023,-58.4752734264,San Cristobal
352000.0,70.0,-34.6169685,-58.3617114,Puerto Madero
75000.0,40.0,-34.62005,-58.38813,Monserrat
85000.0,43.0,-34.6187853,-58.4791827,Villa Santa Rita
94700.0,45.0,-34.6014274,-58.4163257,Almagro
300000.0,100.0,-34.5693072,-58.4872507,Villa Urquiza
123200.0,41.0,-34.609224,-58.434428,Caballito
220000.0,59.0,-34.6223362,-58.4348699,Caballito
145000.0,57.0,-34.617078,-58.445013,Caballito
155000.0,80.0,-34.6004652,-58.4425664,Villa Crespo
85000.0,35.0,-34.599703,-58.407118,Once
69000.0,40.0,,,Floresta
102167.0,34.0,-34.612287,-58.422895,Almagro
85000.0,37.0,-34.5848,-58.44321,Palermo
102000.0,43.0,-34.5945882,-58.4053642,Barrio Norte
147000.0,101.0,-34.628928,-58.474632,Flores
158000.0,84.0,-34.5893636826,-58.412877293,Barrio Norte
135000.0,53.0,-34.5941029,-58.4411813,Villa Crespo
95000.0,54.0,-34.626103,-58.475046,Flores
135000.0,73.0,-34.6054036854,-58.4056561914,Balvanera
90000.0,32.0,-34.5764518,-58.4844934,Villa Urquiza
84500.0,31.0,-34.6230511,-58.3914916,San Cristobal
89000.0,44.0,-34.621886,-58.440034,Caballito
63000.0,32.0,-34.613793,-58.372411,San Telmo
185000.0,74.0,-34.587185,-58.42378,Palermo
260000.0,42.0,-34.5708844,-58.433121,Belgrano
75050.0,36.0,-34.6100367846,-58.4787115886,Villa Santa Rita
95000.0,40.0,-34.566657,-58.4806542,Villa Urquiza
115000.0,51.0,-34.5478587198,-58.4482092853,Villa Ortuzar
79500.0,32.0,-34.5965218,-58.3805667032,Retiro
185000.0,84.0,-34.629394,-58.506856,Monte Castro
119000.0,44.0,-34.6022819,-58.4461524,Villa Crespo
124000.0,59.0,-34.6092240381,-58.3914085034,Congreso
150000.0,36.0,-34.588027,-58.4064124,Barrio Norte
150000.0,50.0,-34.6405283,-58.5294588,Villa Luro
110000.0,48.0,-34.5681025805,-58.4715230625,Belgrano
195000.0,75.0,-34.571868,-58.479967,Villa Urquiza
166793.0,53.0,-34.5773765152,-58.4323916563,Palermo
95000.0,45.0,-34.6363467,-58.4738401,Flores
165000.0,75.0,-34.6402929,-58.5110887,Villa Luro
153000.0,53.0,-34.5504713308,-58.4668325353,Nuñez
169900.0,79.0,-34.612256,-58.442176,Caballito
78900.0,37.0,-34.6011254,-58.4059164,Barrio Norte
89900.0,39.0,-34.6214357,-58.4242883,Caballito
121000.0,43.0,-34.5817888,-58.449509,Colegiales
125000.0,47.0,-34.5444571,-58.4790724,Saavedra
290000.0,91.0,-34.5915396158,-58.3956232492,Barrio Norte
175000.0,93.0,-34.6529308,-58.5140048,Mataderos
268000.0,97.0,-34.5393691,-58.4660016,Nuñez
84900.0,41.0,-34.6162229,-58.4184465,Almagro
123400.0,36.0,-34.62818,-58.429483,Caballito
260000.0,91.0,-34.6404629,-58.5290105,Flores
71000.0,33.0,-34.6077796,-58.4687339,Paternal
180000.0,60.0,-34.6295585,-58.4517693,Caballito
84500.0,44.0,-34.617942,-58.460455,Flores
90000.0,40.0,-34.5990666,-58.4134843,Palermo
160000.0,52.0,-34.6266735,-58.3725333,San Telmo
180000.0,77.0,-34.5611737057,-58.4518164111,Belgrano
74800.0,39.0,-34.597679,-58.443019,Villa Crespo
270000.0,80.0,-34.5834927888,-58.4041347403,Barrio Norte
72000.0,37.0,-34.6482522,-58.4927109,Mataderos
73000.0,31.0,-34.5891506,-58.4501196,Chacarita
300000.0,83.0,-34.5519911111,-58.482248988,Saavedra
140000.0,81.0,-34.632174,-58.363038,Boca
115000.0,43.0,-34.5661706,-58.4491151,Belgrano
210000.0,95.0,-34.5988783,-58.4320965,Villa Crespo
115000.0,63.0,-34.613475,-58.368732,Monserrat
105000.0,50.0,-34.5985905,-58.3726591,Centro / Microcentro
90000.0,47.0,-34.609181,-58.502638,Villa Devoto
175000.0,70.0,-34.588651,-58.430142,Palermo
150000.0,85.0,-34.6120655,-58.4057337,San Cristobal
70000.0,42.0,-34.607622,-58.463009,Caballito
105000.0,42.0,-34.569129,-58.477082,Villa Urquiza
232000.0,76.0,-34.5849758,-58.4156455,Palermo
200000.0,55.0,-34.5763161,-58.4711951,Villa Urquiza
92625.0,42.0,-34.6487541,-58.5002128,Mataderos
131000.0,45.0,-34.574731,-58.478951,Villa Urquiza
245000.0,71.0,-34.570949,-58.434584,Palermo
235000.0,100.0,-34.595688,-58.4031864,Barrio Norte
123000.0,51.0,-34.5911764502,-58.5083326486,Villa Devoto
98000.0,60.0,-34.6386217,-58.496227,Villa Luro
178000.0,60.0,-34.569335,-58.4348693,Las Cañitas
92000.0,39.0,-34.5429830084,-58.4812108375,Saavedra
120000.0,63.0,-34.566673,-58.479431,Villa Urquiza
100000.0,50.0,-34.6123042,-58.4032943,Almagro
165000.0,47.0,-34.5729833,-58.4388579,Belgrano
208000.0,60.0,-34.5806225,-58.41111,Palermo
146000.0,90.0,-34.58751,-58.510665,Villa Devoto
113360.0,42.0,-34.544171,-58.478875,Saavedra
115000.0,54.0,-34.5451249855,-58.4787020744,Saavedra
105000.0,48.0,-34.622464,-58.398128,San Cristobal
158000.0,42.0,-34.5413646,-58.4633598,Nuñez
97000.0,43.0,-34.6128601,-58.4922702,Villa del Parque
89500.0,40.0,-34.6202466,-58.4165902,Almagro
210000.0,75.0,-34.5830769724,-58.422257979,Palermo
179375.0,47.0,-34.6153103,-58.3619834,Puerto Madero
165000.0,56.0,-34.5574837,-58.4806697,Saavedra
172000.0,84.0,-34.640296,-58.378665,Barracas
88000.0,40.0,-34.6472257,-58.4923125,Mataderos
216500.0,64.0,-34.597769,-58.42644,Villa Crespo
89000.0,38.0,-34.600022,-58.4175858,Palermo
188000.0,90.0,-34.612413,-58.419328,Almagro
395000.0,98.0,,,Belgrano
106000.0,33.0,-34.5525338,-58.4512771,Belgrano
220000.0,70.0,-34.5427503,-58.4601452,Nuñez
130000.0,69.0,-34.6116686,-58.4115275,Balvanera
179500.0,77.0,-34.556252,-58.468616,Nuñez
239000.0,86.0,-34.5879217,-58.3980672,Barrio Norte
319000.0,62.0,-34.609443,-58.362868,Puerto Madero
265000.0,84.0,-34.5546333,-58.4673952,Belgrano
125000.0,60.0,-34.5594986,-58.4451978,Belgrano
140000.0,65.0,-34.573086,-58.432064,Palermo
115000.0,47.0,-34.5626326646,-58.4870649408,Villa Urquiza
197000.0,73.0,-34.5589976,-58.4444811,Belgrano
150000.0,65.0,-34.636481,-58.487153,Floresta
200000.0,60.0,-34.6405283,-58.5294588,Villa Luro
82500.0,38.0,-34.5989832,-58.4203432,Almagro
80000.0,34.0,-34.6215068,-58.4464664,Caballito
58000.0,36.0,-34.634126,-58.3632,Boca
179000.0,61.0,-34.615941,-58.439588,Caballito
145000.0,50.0,-34.6405283,-58.5294588,Villa Luro
165000.0,40.0,-34.5768387,-58.4291267,Palermo
193000.0,46.0,-34.5827642,-58.4236582,Palermo
117500.0,36.0,-34.6109152181,-58.4299869233,Almagro
193500.0,37.0,-34.59043628,-58.388643473,Recoleta
112000.0,70.0,-34.6254543,-58.4161104,Boedo
110760.0,42.0,-34.544171,-58.478875,Saavedra
73900.0,42.0,,,Almagro
144900.0,77.0,-34.628006345,-58.4559750422,Flores
155000.0,63.0,-34.576762,-58.446944,Colegiales
162000.0,94.0,-34.614854,-58.373895,Monserrat
195000.0,76.0,-34.5900635,-58.4202297,Palermo
105000.0,53.0,-34.609475,-58.430443,Almagro
95000.0,40.0,-34.595202,-58.385799,Barrio Norte
82500.0,33.0,-34.5995784,-58.3714273,San Nicolás
80000.0,35.0,-34.5653209202,-58.4716025037,Coghlan
143000.0,50.0,-34.5978249,-58.4164389,Palermo
110000.0,56.0,-34.6392656,-58.4786935,Floresta
139000.0,54.0,-34.571326,-58.4443183,Belgrano
96500.0,43.0,-34.5425158316,-58.4764863962,Nuñez
150000.0,60.0,-34.6450454708,-58.3734789316,Barracas
80000.0,41.0,-34.6181838,-58.439478,Caballito
125000.0,38.0,-34.6034481,-58.4243303,Almagro
108000.0,75.0,-34.619859,-58.397484,San Cristobal
164900.0,89.0,-34.618324,-58.436443,Caballito
150000.0,56.0,-34.5784942,-58.4345008,Palermo
149000.0,59.0,-34.6223398871,-58.4085322312,San Cristobal
68000.0,31.0,-34.6006829885,-58.3965625594,Balvanera
330000.0,88.0,-34.5601975,-58.4583332,Belgrano
135000.0,90.0,-34.62868,-58.460248,Flores
110000.0,58.0,-34.6288802,-58.3782469,Barracas
149000.0,49.0,-34.5412087746,-58.4656731747,Nuñez
149000.0,59.0,-34.6129863,-58.4328709,Caballito
179500.0,60.0,-34.5755336,-58.433189,Palermo
63500.0,35.0,-34.6089061005,-58.4401600888,Caballito
120000.0,60.0,-34.6355627,-58.4097415,Parque Patricios
80000.0,55.0,-34.616182,-58.3926968,Monserrat
105000.0,36.0,-34.6076673,-58.4419894,Caballito
240000.0,80.0,-34.5678925061,-58.4433589619,Belgrano
85000.0,35.0,-34.599703,-58.407118,Palermo
60000.0,50.0,-34.6186588,-58.3859275,Monserrat
112000.0,63.0,-34.6044647,-58.4064736,Balvanera
90000.0,42.0,-34.5976607,-58.4304366,Villa Crespo
176900.0,43.0,-34.5829764,-58.4208597,Palermo
112677.0,34.0,,,Palermo
72000.0,32.0,-34.633333,-58.4,Parque Patricios
130000.0,57.0,-34.568216,-58.459075,Belgrano
125000.0,78.0,-34.6067327,-58.4000164,Once
69000.0,40.0,-34.6322076,-58.4851448,Floresta
138000.0,70.0,-34.610871,-58.38433,Monserrat
93000.0,32.0,-34.6035914,-58.440711,Villa Crespo
99000.0,55.0,-34.6172782,-58.3787392,San Telmo
225000.0,80.0,-34.5804062,-58.4811368,Villa Pueyrredón
123000.0,45.0,-34.553164,-58.473842,Nuñez
265000.0,68.0,-34.5900864,-58.4202008,Palermo
134000.0,50.0,-34.5779844,-58.4493434,Colegiales
150000.0,50.0,-34.6405283,-58.5294588,Villa Luro
59000.0,56.0,-34.662484,-58.474313,Villa Lugano
165000.0,86.0,-34.637834,-58.503098,Villa Luro
145000.0,57.0,-34.6362315,-58.3755151,Barracas
87000.0,40.0,-34.5716554,-58.5020382,Villa Urquiza
55000.0,60.0,,,Villa Lugano
169000.0,84.0,-34.6094812,-58.3957247,Congreso
135000.0,40.0,-34.5897986,-58.4395131,Villa Crespo
137000.0,65.0,-34.6037137392,-58.3815808896,San Nicolás
65000.0,51.0,-34.6418117,-58.3683936,Boca
89000.0,63.0,-34.6320749,-58.363104,Boca
141300.0,57.0,,,Palermo
125000.0,42.0,-34.6195604498,-58.4639646475,Flores
106250.0,39.0,-34.6371994,-58.4391556,Caballito
126000.0,50.0,-34.6028565,-58.398429,Once
97500.0,36.0,-34.62818,-58.429483,Caballito
120000.0,37.0,-34.5572596,-58.464972,Belgrano
71361.0,33.0,-34.6212158,-58.4035735,San Cristobal
115000.0,83.0,-34.634138,-58.462539,Flores
82000.0,39.0,-34.573233,-58.479865,Villa Urquiza
155000.0,83.0,-34.6184458,-58.4980726,Monte Castro
170000.0,62.0,-34.5897253,-58.3936066,Barrio Norte
110000.0,63.0,-34.611683,-58.407784,Balvanera
190000.0,91.0,-34.59744,-58.433286,Villa Crespo
178000.0,70.0,-34.576642,-58.431618,Palermo
235000.0,84.0,-34.5948568,-58.3958389,Palermo
85000.0,47.0,-34.6214167,-58.4103941,San Cristobal
130000.0,64.0,-34.5960788124,-58.4398719788,Villa Crespo
90000.0,48.0,-34.61330943,-58.4679249898,Villa General Mitre
120000.0,70.0,-34.633744,-58.448826,Parque Chacabuco
105000.0,46.0,-34.553225,-58.475847,Saavedra
90000.0,47.0,-34.6355261,-58.3876425,Barracas
120000.0,38.0,-34.5533369,-58.4573332,Belgrano
126446.0,47.0,-34.6244303,-58.3741828,San Telmo
79447.0,46.0,-34.5904622,-58.370987,Paternal
224000.0,78.0,-34.5652742,-58.4715823,Belgrano
140000.0,90.0,-34.5993957,-58.4280986,Almagro
75000.0,45.0,-34.6154675138,-58.3843696368,Monserrat
134000.0,34.0,-34.579799,-58.4296297,Palermo
164000.0,86.0,-34.6377975,-58.5020085,Villa Luro
147000.0,45.0,-34.5437117,-58.4621378,Nuñez
175000.0,37.0,-34.616495,-58.367363,Puerto Madero
155000.0,55.0,-34.622597,-58.4637637,Flores
89000.0,58.0,-34.602799,-58.39699,Balvanera
168000.0,75.0,-34.557431,-58.45778,Belgrano
85000.0,40.0,-34.563863,-58.465312,Belgrano
156000.0,65.0,-34.592378,-58.401003,Recoleta
149000.0,50.0,-34.5496870424,-58.467528104,Nuñez
59000.0,36.0,-34.6011653,-58.4009468,Balvanera
138000.0,38.0,-34.621,-58.446765,Caballito
185000.0,58.0,-34.6037137392,-58.3815808896,San Nicolás
59640.0,35.0,-34.6186349,-58.478887,Flores
100000.0,41.0,-34.636179,-58.439476,Caballito
73600.0,31.0,-34.6227163,-58.3915063,Constitución
205095.0,56.0,-34.6153103,-58.3619834,Puerto Madero
215000.0,96.0,-34.6113322,-58.4210553,Almagro
77000.0,38.0,-34.5931172,-58.4455382,Villa Crespo
168000.0,60.0,-34.5574754877,-58.4805920344,Saavedra
160000.0,50.0,-34.5936142,-58.3800404,Retiro
315000.0,76.0,-34.5889694,-58.3952626,Palermo
95000.0,50.0,-34.614835,-58.466307,Caballito
115000.0,80.0,-34.6156698,-58.390599,San Cristobal
100000.0,50.0,-34.618459,-58.445054,Caballito
170000.0,98.0,-34.6324708,-58.3620253,Boca
215000.0,78.0,-34.577176,-58.43399,Palermo
120000.0,64.0,-34.586461,-58.450034,Colegiales
310000.0,57.0,-34.5895459,-58.3973636,Recoleta
158000.0,45.0,-34.560857,-58.46749,Belgrano
175000.0,44.0,-34.579844,-58.434225,Palermo
200000.0,96.0,-34.5943354,-58.4404535,Villa Crespo
117620.0,43.0,-34.5911545,-58.5101735,Villa Devoto
210000.0,87.0,,,Recoleta
140000.0,81.0,-34.634408,-58.4504145,Parque Chacabuco
147733.0,48.0,-34.632079,-58.3703766,Barracas
149500.0,99.0,-34.603444,-58.405713,Once
95100.0,45.0,-34.6157142,-58.4170204,Almagro
170000.0,72.0,-34.5564985,-58.4655923,Belgrano
350000.0,86.0,-34.5884229,-58.3864376,Barrio Norte
98000.0,41.0,-34.636179,-58.439476,Caballito
195000.0,82.0,-34.6023228,-58.4294044,Almagro
129500.0,46.0,-34.6050835,-58.4608111,Paternal
75000.0,33.0,-34.6072776,-58.4276358,Almagro
185000.0,78.0,-34.6383938,-58.5058889,Villa Luro
99000.0,46.0,-34.547724,-58.477376,Saavedra
249000.0,69.0,-34.6196851,-58.4451096,Caballito
230000.0,95.0,-34.6031950994,-58.4215840161,Almagro
105000.0,34.0,-34.5892799682,-58.4367102754,Palermo
125000.0,45.0,-34.5989208629,-58.4458254638,Villa Crespo
104000.0,51.0,-34.6036844,-58.3815591,Villa Crespo
90000.0,40.0,-34.602012,-58.496032,Villa del Parque
84500.0,34.0,-34.6133497,-58.38465,Monserrat
125000.0,45.0,-34.6159391,-58.4585423,Caballito
210000.0,59.0,-34.5861207,-58.4143458,Palermo
245000.0,81.0,-34.5930858,-58.4047026,Recoleta
171900.0,88.0,-34.6356025347,-58.4401697804,Parque Chacabuco
78000.0,39.0,-34.626861,-58.365227,Boca
63000.0,33.0,-34.6392588,-58.512946,Villa Luro
135000.0,81.0,-34.6119729,-58.4072179,Balvanera
143100.0,37.0,-34.592822,-58.3847959,Recoleta
119000.0,41.0,-34.6045547,-58.4182063,Almagro
62000.0,43.0,-34.6240024,-58.3905883,Barracas
125000.0,70.0,-34.601455,-58.378132,San Nicolás
78000.0,52.0,,,Boedo
215000.0,35.0,-34.5889927,-58.4001326,Recoleta
341550.0,90.0,-34.5880437,-58.3980657,Recoleta
105000.0,33.0,-34.553897,-58.451939,Belgrano
89681.0,39.0,-34.6288131,-58.4722301,Villa del Parque
99000.0,42.0,-34.590144,-58.504588,Villa Pueyrredón
72000.0,45.0,-34.6177126,-58.4217103,Almagro
116000.0,36.0,-34.583754,-58.425947,Palermo
87000.0,33.0,-34.553292,-58.457291,Belgrano
80000.0,50.0,,,
90000.0,38.0,-34.6103271,-58.4260507,Almagro
145000.0,72.0,-34.6031545441,-58.3932320736,Tribunales
130000.0,73.0,-34.6101223,-58.4059406,Balvanera
149000.0,50.0,-34.5835376,-58.4053183,Barrio Norte
124000.0,77.0,-34.6060331,-58.398382,Once
80000.0,45.0,-34.6207821,-58.3759225,San Telmo
140000.0,57.0,-34.5741034,-58.4419019,Palermo
78000.0,70.0,-34.6782802,-58.4882456,Villa Lugano
159000.0,47.0,-34.564892,-58.469132,Coghlan
125000.0,52.0,-34.5848,-58.44321,Palermo
99120.0,39.0,-34.58233,-58.4735425,Villa Urquiza
158000.0,80.0,-34.604548,-58.410187,Abasto
75500.0,50.0,-34.603506,-58.45572,Villa Crespo
250000.0,50.0,-34.5879608444,-58.4068188999,Palermo
108000.0,47.0,-34.61088,-58.483035,Villa Santa Rita
80000.0,36.0,,,Villa Crespo
133000.0,54.0,-34.6166442,-58.4109634,Balvanera
156000.0,52.0,-34.5817888,-58.449509,Colegiales
122000.0,42.0,-34.5958969,-58.4715637,Paternal
80000.0,42.0,-34.6305666,-58.3716514,Barracas
85000.0,42.0,-34.615587,-58.491019,Villa Santa Rita
90000.0,33.0,-34.5538973,-58.4519393,Belgrano
109000.0,37.0,-34.62818,-58.429483,Caballito
87000.0,42.0,,,Parque Chacabuco
112000.0,40.0,-34.573425,-58.494445,Villa Urquiza
183000.0,35.0,-34.590518,-58.388665,Recoleta
126000.0,55.0,-34.5977692,-58.3753957,Retiro
210000.0,63.0,-34.5768933,-58.4306228,Palermo
103000.0,42.0,-34.5993371549,-58.485000192,Villa Devoto
210000.0,82.0,-34.5983728,-58.3973356,Recoleta
95000.0,37.0,-34.6001596,-58.4191305,Almagro
165000.0,86.0,-34.637834,-58.503098,Villa Luro
110000.0,37.0,-34.6037137392,-58.3815808896,San Nicolás
120000.0,52.0,-34.6246256,-58.4531908,Caballito
270000.0,59.0,-34.5951698271,-58.3900615127,Recoleta
120000.0,40.0,-34.557199,-58.480847,Saavedra
105000.0,50.0,-34.6040941,-58.3923691,Centro / Microcentro
67000.0,31.0,-34.6412473,-58.5185294,Liniers
115000.0,39.0,-34.5917998504,-58.4265886534,Palermo
115000.0,72.0,-34.611471,-58.416066,Almagro
195000.0,40.0,-34.5600767,-58.4463618,Belgrano
97800.0,38.0,-34.5780621,-58.4952915,Villa Urquiza
249000.0,83.0,-34.5674017,-58.4424865,Belgrano
105000.0,35.0,-34.586582,-58.4710108,Villa Urquiza
165000.0,87.0,-34.5828157,-58.4219256,Palermo
149000.0,80.0,-34.6116145,-58.4056064,Once
160000.0,73.0,-34.592716,-58.403428,Recoleta
145000.0,52.0,-34.5475074,-58.4842066,Saavedra
115000.0,36.0,-34.597769,-58.42644,Villa Crespo
84000.0,44.0,-34.6207414,-58.4047617,San Cristobal
85000.0,51.0,-34.6287756455,-58.3658953037,Boca
120000.0,47.0,-34.6206226,-58.3684327,San Telmo
200000.0,74.0,-34.5910899,-58.4008309,Barrio Norte
68000.0,45.0,-34.577168,-58.538654,Liniers
84000.0,46.0,-34.607673,-58.389289,Congreso
144500.0,72.0,-34.5965341,-58.3809608,Retiro
200000.0,70.0,-34.5958704,-58.3919534,Barrio Norte
114000.0,57.0,-34.554763,-58.453853,Belgrano
58000.0,39.0,-34.6388382,-58.5290425,Liniers
135000.0,62.0,-34.629853,-58.446472,Caballito
155000.0,50.0,-34.5675735,-58.4711972,Belgrano
77900.0,40.0,-34.614032,-58.419043,Almagro
92000.0,46.0,-34.624797,-58.429758,Caballito
99000.0,60.0,-34.6392485,-58.497526,Villa Luro
80000.0,35.0,-34.606301,-58.43106,Parque Centenario
180000.0,96.0,-34.6031837,-58.4074928,Balvanera
78000.0,36.0,-34.583899,-58.473468,Parque Chas
125000.0,45.0,-34.60808733,-58.43089266,Parque Centenario
142000.0,52.0,-34.591831,-58.422868,Palermo
120000.0,53.0,-34.6200825,-58.3895203,San Cristobal
94900.0,43.0,-34.6128601,-58.4922702,Villa del Parque
146000.0,47.0,-34.5495227,-58.4692294,Nuñez
143000.0,60.0,-34.5957216,-58.4307706,Villa Crespo
59200.0,36.0,,,Parque Patricios
115000.0,64.0,-34.632364,-58.467568,Flores
73000.0,31.0,-34.6173477,-58.4494039,Caballito
192000.0,83.0,-34.5744172,-58.4374328,Palermo
90000.0,50.0,-34.6214295,-58.3756926,San Telmo
179000.0,78.0,-34.572199,-58.447411,Belgrano
189500.0,87.0,-34.6027891,-58.4250133,Almagro
78000.0,32.0,-34.61335,-58.38465,Monserrat
102000.0,37.0,-34.556809,-58.457834,Belgrano
105000.0,50.0,-34.6067737,-58.4097289,Balvanera
100000.0,41.0,-34.6286026,-58.4669149,Flores
110000.0,40.0,-34.6212894,-58.420993,Boedo
120000.0,38.0,-34.5789278,-58.4559767,Colegiales
310000.0,91.0,-34.588505,-58.383029,Barrio Norte
149900.0,73.0,-34.598296,-58.387828,Recoleta
151000.0,90.0,-34.58751,-58.510665,Villa Devoto
96000.0,33.0,-34.5711807,-58.4348804,Belgrano
110000.0,55.0,-34.5566182,-58.4793743,Saavedra
139000.0,63.0,-34.6352242,-58.4676975,Flores
140000.0,59.0,-34.5729942,-58.454319,Colegiales
75000.0,44.0,-34.6037137392,-58.3815808896,Floresta
189000.0,70.0,-34.5647507,-58.4891059,Villa Urquiza
259000.0,85.0,-34.5688186,-58.4360816,Palermo
91200.0,37.0,-34.6063416,-58.4464868,Caballito
95000.0,32.0,-34.578139,-58.433336,Palermo
119636.0,50.0,,,San Telmo
95000.0,39.0,-34.573846,-58.489902,Villa Urquiza
110000.0,41.0,-34.6134875,-58.4428593,Caballito
119930.0,47.0,-34.6244303,-58.3741828,San Telmo
98000.0,70.0,-34.635741,-58.434139,Parque Chacabuco
155000.0,55.0,-34.622597,-58.4637637,Flores
118110.0,47.0,-34.6244303,-58.3741828,San Telmo
105000.0,35.0,,,Mataderos
123000.0,33.0,-34.5630282576,-58.4398375372,Palermo
90000.0,50.0,-34.6145386963,-58.4762577092,Paternal
240000.0,90.0,-34.62518,-58.463618,Flores
64000.0,33.0,-34.6164426,-58.4002948,Balvanera
295000.0,74.0,-34.6148218,-58.362074,Puerto Madero
78500.0,36.0,-34.597289,-58.489645,Villa del Parque
129500.0,50.0,-34.6299244,-58.4098381,Parque Patricios
82000.0,50.0,-34.6168016,-58.4480741,Caballito
197000.0,76.0,-34.5984584,-58.4123565,Palermo
174900.0,78.0,-34.588316,-58.483926,Villa Urquiza
280000.0,90.0,-34.632304,-58.373396,Barracas
84000.0,37.0,-34.6034502,-58.43508,Parque Centenario
94000.0,34.0,-34.5973812,-58.3798478,Centro / Microcentro
115100.0,34.0,-34.5618075,-58.4674306,Coghlan
88000.0,38.0,-34.602701,-58.4049474,Once
109000.0,39.0,-34.5854783,-58.4418691,Palermo
158000.0,42.0,-34.5772084,-58.4230345,Palermo
84000.0,38.0,-34.6174612,-58.4711826,Villa General Mitre
120000.0,72.0,-34.6105899,-58.4126561,Once
95000.0,53.0,-34.607268,-58.437159,Parque Centenario
81000.0,38.0,-34.602605,-58.443768,Villa Crespo
110000.0,47.0,-34.5871429,-58.4361649,Palermo
138000.0,65.0,-34.575532,-58.443266,Colegiales
109800.0,39.0,-34.5583853,-58.452925,Belgrano
77000.0,60.0,-34.6265359,-58.3930741,San Cristobal
105000.0,61.0,-34.6107904311,-58.3802715265,San Telmo
91800.0,47.0,-34.607317,-58.4200017,Almagro
110000.0,35.0,-34.5963928985,-58.4230445653,Palermo
67000.0,34.0,-34.6351461824,-58.4071500959,Parque Patricios
235000.0,89.0,-34.5704605,-58.451504,Colegiales
85000.0,33.0,-34.5849069,-58.4430006,Palermo
128000.0,36.0,-34.5642834,-58.4395493,Belgrano
139900.0,43.0,,,Barrio Norte
85000.0,33.0,,,Agronomía
200000.0,55.0,-34.5674802,-58.4323654,Belgrano
146000.0,80.0,-34.6156378,-58.3904158,Monserrat
149000.0,58.0,-34.63335,-58.377469,Barracas
101443.0,45.0,-34.593335,-58.442214,Villa Crespo
330000.0,100.0,-34.5969175,-58.4021054,Barrio Norte
115000.0,78.0,-34.6166189862,-58.3851364503,Monserrat
108576.0,46.0,-34.5904622,-58.370987,Paternal
43000.0,51.0,-34.685292,-58.464229,Villa Lugano
126000.0,50.0,-34.5979435834,-58.415852535,Palermo
185000.0,90.0,-34.5982154569,-58.4272289729,Almagro
196500.0,80.0,-34.59475,-58.4398737,Villa Crespo
300000.0,73.0,-34.5896225,-58.4326904,Palermo
73190.0,34.0,-34.593335,-58.442214,Villa Crespo
62000.0,36.0,-34.6188615,-58.3885322,Monserrat
170000.0,52.0,-34.578929,-58.4838433,Villa Ortuzar
117000.0,42.0,-34.5548123,-58.4396756,Belgrano
81000.0,34.0,-34.6007308,-58.4300086,Villa Crespo
80000.0,55.0,-34.585106,-58.462549,Chacarita
144900.0,82.0,-34.609903,-58.386964,Congreso
110000.0,60.0,-34.6306898,-58.479597,Floresta
232726.0,83.0,-34.572721,-58.483565,Villa Urquiza
179500.0,71.0,-34.624362,-58.404243,San Cristobal
115000.0,54.0,-34.608854,-58.469611,Flores
153000.0,56.0,-34.5666787241,-58.4793809703,Villa Urquiza
190000.0,85.0,-34.5939737,-58.4925931,Villa Pueyrredón
65000.0,57.0,-34.6277946,-58.3590976,Boca
83500.0,38.0,-34.5994747627,-58.4155515307,Boedo
318000.0,83.0,-34.5515484854,-58.4825581312,Saavedra
99000.0,48.0,-34.575485,-58.4437822,Colegiales
85900.0,43.0,-34.6322572341,-58.3702987529,Barracas
108633.0,40.0,-34.5688712,-58.4884216,Villa Urquiza
90000.0,39.0,-34.5747633,-58.4828695,Villa Urquiza
182000.0,47.0,-34.6153103,-58.3619834,Puerto Madero
99000.0,63.0,-34.6302777,-58.3994391,Parque Patricios
210000.0,62.0,-34.5502004,-58.4535346,Belgrano
88000.0,40.0,-34.6073064,-58.4305691,Caballito
79000.0,36.0,-34.6130871,-58.3813599,Monserrat
65000.0,31.0,-34.5961311,-58.3737459,Retiro
84000.0,43.0,-34.605272,-58.382936,Tribunales
139000.0,93.0,-34.6288596,-58.4747612,Flores
159000.0,64.0,-34.5733709,-58.4781172,Villa Urquiza
140000.0,75.0,-34.5508362,-58.4895904,Saavedra
250000.0,70.0,-34.6166402,-58.435817,Caballito
95000.0,37.0,-34.602641,-58.404908,Balvanera
370000.0,101.0,-34.586402,-58.42028,Palermo
182000.0,71.0,-34.5889045,-58.5065126,Villa Urquiza
180000.0,40.0,-34.5599793922,-58.4461906259,Belgrano
158000.0,54.0,-34.6232916,-58.4356934,Caballito
78800.0,38.0,-34.603367,-58.4095145,Abasto
90000.0,50.0,-34.6247442,-58.4874628,Floresta
109000.0,43.0,-34.5469102,-58.47859,Saavedra
120000.0,51.0,-34.6045189,-58.4584262,Caballito
154500.0,49.0,-34.597769,-58.42644,Villa Crespo
105000.0,44.0,-34.569129,-58.477082,Villa Urquiza
109000.0,53.0,-34.6036554,-58.4167791,Almagro
91574.0,32.0,-34.6220446,-58.3782511,San Telmo
82000.0,43.0,-34.632961,-58.47667,Floresta
117000.0,68.0,-34.6322381672,-58.4693725804,Flores
235000.0,100.0,-34.595688,-58.4031864,Barrio Norte
65000.0,34.0,,,Monserrat
135000.0,82.0,-34.610593,-58.4122703,Almagro
70000.0,40.0,-34.6508775,-58.505965,Mataderos
82000.0,48.0,-34.6039262,-58.3763769,Centro / Microcentro
139000.0,44.0,-34.597824,-58.416438,Palermo
118000.0,35.0,-34.5818163,-58.4434509,Palermo
87000.0,33.0,-34.6338838,-58.447429,Parque Chacabuco
99000.0,46.0,-34.6207818,-58.3985397,San Cristobal
130000.0,35.0,-34.5631948,-58.4399963,Palermo
139000.0,50.0,-34.6077391,-58.4465012,Caballito
167000.0,44.0,-34.5829813,-58.4208496,Palermo
71000.0,34.0,-34.602941,-58.464217,Paternal
86900.0,50.0,-34.606676,-58.406957,Balvanera
255500.0,70.0,-34.6299244,-58.4098381,Parque Patricios
183500.0,60.0,-34.5854115,-58.4434737,Palermo
94900.0,39.0,-34.6256074,-58.4558554,Flores
68000.0,43.0,-34.6279,-58.360859,Boca
90000.0,31.0,-34.578518,-58.4374779,Palermo
105000.0,38.0,-34.6324789,-58.4792631,Floresta
190000.0,85.0,-34.5939737,-58.4925931,Villa Pueyrredón
84900.0,42.0,-34.627876,-58.44306,Caballito
89000.0,40.0,-34.6234917,-58.3770467,San Telmo
82000.0,38.0,-34.6046683,-58.4579128,Caballito
80600.0,39.0,-34.6233348,-58.3748384,San Telmo
97000.0,33.0,-34.5496066482,-58.4691811202,Nuñez
80000.0,37.0,-34.6210252,-58.4332695,Caballito
75000.0,40.0,-34.6425051,-58.504856,Villa Luro
128000.0,51.0,-34.554763,-58.453853,Belgrano
214000.0,58.0,-34.5833867,-58.4516194,Chacarita
71500.0,33.0,-34.577168,-58.538654,Caballito
99500.0,36.0,-34.629896,-58.437438,Parque Chacabuco
143000.0,83.0,-34.6165504,-58.3838114,Monserrat
101000.0,45.0,-34.6150121,-58.3790009,Monserrat
210000.0,72.0,-34.5861164713,-58.4145060006,Palermo
146000.0,57.0,-34.6223398871,-58.4085322312,San Cristobal
233200.0,78.0,-34.597769,-58.42644,Villa Crespo
112700.0,50.0,-34.6194965,-58.4640892,Flores
160000.0,54.0,-34.5730139407,-58.4295100815,Palermo
95000.0,40.0,-34.6047969,-58.454126,Villa Crespo
259000.0,81.0,-34.5915339,-58.398222,Recoleta
93583.0,31.0,-34.595916,-58.408314,Recoleta
89000.0,43.0,-34.63099,-58.4201892,Boedo
124267.0,47.0,-34.570884,-58.4886936,Villa Urquiza
85000.0,35.0,-34.6150732,-58.3792849,Monserrat
140000.0,70.0,-34.6333237,-58.3600617,Boca
210000.0,60.0,-34.5972965,-58.4308423,Palermo
168781.0,54.0,-34.5671066,-58.4723916,Villa Urquiza
115000.0,88.0,,,
125000.0,43.0,-34.5729054,-58.4517992,Colegiales
165000.0,56.0,-34.557199,-58.480847,Saavedra
85000.0,39.0,-34.5982525,-58.4303011,Villa Crespo
360000.0,66.0,-34.5947219,-58.3939969,Recoleta
62000.0,45.0,-34.6699098,-58.5023489,Mataderos
173080.0,95.0,-34.570884,-58.488694,Villa Urquiza
142000.0,45.0,-34.582317,-58.4057003,Palermo
132000.0,50.0,-34.547829,-58.471529,Nuñez
217500.0,65.0,-34.62818,-58.429483,Caballito
107192.0,40.0,-34.570884,-58.4886936,Villa Urquiza
62636.0,42.0,-34.637701,-58.400216,Parque Patricios
70000.0,46.0,-34.6162622,-58.4044354,Balvanera
175000.0,80.0,-34.6107501,-58.4746933,Villa General Mitre
72000.0,36.0,-34.6317798,-58.3714702,Barracas
170000.0,100.0,-34.6083588,-58.3977644,Balvanera
100000.0,33.0,-34.5817888,-58.449509,Colegiales
340000.0,95.0,-34.5825981444,-58.4223095471,Palermo
98000.0,34.0,-34.5859299,-58.4404055,Palermo
365000.0,81.0,-34.6269408,-58.3725301,San Telmo
105000.0,34.0,-34.598084,-58.41701,Palermo
165000.0,44.0,-34.5879341,-58.4144257,Palermo
106000.0,60.0,-34.6318743,-58.4839401,Velez Sarsfield
84000.0,44.0,-34.6207414,-58.4047617,San Cristobal
90000.0,49.0,-34.631585,-58.362934,Boca
85000.0,37.0,-34.62301,-58.3954919,Barracas
75000.0,50.0,-34.638999,-58.50423,Villa Luro
85000.0,32.0,-34.5818364,-58.4512878,Colegiales
225000.0,86.0,-34.6095289,-58.4245895,Almagro
153000.0,41.0,-34.6223398871,-58.4085322312,San Cristobal
101750.0,39.0,-34.629478,-58.45214,Caballito
71194.0,32.0,-34.5859985,-58.4544363,Chacarita
95000.0,36.0,-34.6303192,-58.4008815,Parque Patricios
135000.0,82.0,-34.6232754889,-58.3740855051,San Telmo
123000.0,78.0,,,Floresta
70000.0,31.0,,,
90000.0,50.0,-34.5635682,-58.4916086,Villa Urquiza
222700.0,78.0,-34.597769,-58.42644,Villa Crespo
93425.0,33.0,-34.6371994,-58.4391556,Caballito
85000.0,40.0,-34.612234,-58.386136,Monserrat
121163.0,47.0,,,San Telmo
57000.0,35.0,-34.633062,-58.35832,Boca
64000.0,31.0,-34.6158915,-58.4957847,Villa del Parque
156400.0,31.0,-34.5797009,-58.4340915,Palermo
99900.0,41.0,-34.61903,-58.5033054,Monte Castro
270000.0,91.0,-34.5824961,-58.4102772,Recoleta
125000.0,48.0,-34.619727433,-58.4242390577,Almagro
149000.0,71.0,-34.6083004601,-58.442084868,Caballito
115000.0,58.0,-34.6096418,-58.418654,Almagro
118110.0,47.0,,,San Telmo
120000.0,39.0,-34.5939782586,-58.4409590949,Palermo
290000.0,98.0,-34.577504,-58.422289,Palermo
193853.0,65.0,-34.5731507,-58.482362,Villa Urquiza
122000.0,66.0,-34.5762788577,-58.4351516166,Palermo
249000.0,81.0,-34.570833,-58.4803271,Villa Urquiza
105000.0,47.0,-34.5971971,-58.3901412,Barrio Norte
176900.0,44.0,-34.5829764,-58.4208597,Palermo
129000.0,43.0,-34.567095,-58.4522701,Belgrano
79900.0,40.0,-34.601051,-58.416345,Almagro
97000.0,33.0,-34.6037137392,-58.3815808896,Nuñez
109500.0,50.0,-34.561743,-58.491511,Villa Urquiza
240000.0,50.0,-34.616034713,-58.3618516418,Puerto Madero
74000.0,33.0,-34.62664,-58.425786,Boedo
135200.0,51.0,-34.5851,-58.441343,Palermo
137000.0,51.0,-34.580146,-58.4648168,Colegiales
76000.0,36.0,-34.6281162,-58.461324,Flores
100000.0,40.0,-34.5945508,-58.4421781,Villa Crespo
111000.0,45.0,,,
149000.0,65.0,-34.5949108,-58.4078106,Recoleta
204000.0,63.0,-34.54179,-58.476815,Nuñez
70000.0,39.0,-34.5851531,-58.4632501,Villa Ortuzar
164000.0,52.0,-34.584179,-58.440216,Palermo
255000.0,100.0,-34.5819649,-58.406838,Recoleta
81480.0,37.0,-34.6256447,-58.4611155,Flores
220000.0,82.0,-34.598486,-58.38414,Barrio Norte
55000.0,43.0,-34.6389662,-58.3590032,Boca
55000.0,35.0,-34.6186349,-58.478887,Flores
90000.0,32.0,-34.5856221,-58.4409353,Villa Crespo
125000.0,65.0,-34.637145,-58.411732,Parque Patricios
110000.0,57.0,-34.616486,-58.375979,San Telmo
112000.0,56.0,-34.6021531,-58.4342998,Villa Crespo
90000.0,45.0,-34.6856698,-58.4817763,Villa Lugano
195000.0,56.0,-34.625884,-58.4342905,Caballito
98000.0,50.0,-34.5664873409,-58.4893800725,Villa Urquiza
154500.0,49.0,-34.597769,-58.42644,Villa Crespo
92000.0,44.0,-34.6234793,-58.37716,San Telmo
150000.0,80.0,-34.6003579,-58.4372479,Villa Crespo
73900.0,36.0,-34.598076,-58.491578,Villa Devoto
93000.0,40.0,-34.5840778,-58.4228061,Palermo
170000.0,67.0,-34.6205573,-58.4650952,Flores
129000.0,40.0,-34.5605032026,-58.46487789,Belgrano
152000.0,52.0,-34.585554,-58.416574,Palermo
70000.0,33.0,-34.5462698,-58.4710585,Nuñez
140000.0,83.0,-34.5789941431,-58.4255711132,Palermo
255000.0,46.0,-34.616821,-58.361728,Puerto Madero
145000.0,72.0,-34.5965341,-58.3809608,Barrio Norte
189000.0,90.0,-34.577168,-58.538654,Villa del Parque
200000.0,82.0,-34.5683283,-58.4719439,Belgrano
271000.0,63.0,-34.5679842,-58.4337564,Las Cañitas
250000.0,65.0,-34.5953421021,-58.405410881,Recoleta
127000.0,45.0,-34.5877864,-58.5110465,Agronomía
60000.0,45.0,-34.632413,-58.370082,Barracas
92000.0,60.0,-34.639925,-58.438406,Parque Chacabuco
116533.0,32.0,-34.5525338,-58.4512771,Belgrano
94000.0,43.0,-34.6137933,-58.4831803,Villa Santa Rita
125000.0,60.0,-34.598958,-58.379758,San Nicolás
70000.0,37.0,-34.625227,-58.457758,Flores
125000.0,58.0,-34.5931886,-58.4246144,Palermo
113360.0,42.0,-34.544171,-58.478875,Saavedra
155000.0,64.0,-34.546435,-58.468949,Nuñez
169000.0,59.0,-34.6223398871,-58.4085322312,San Cristobal
125000.0,41.0,-34.5709649,-58.4403013,Palermo
94830.0,31.0,-34.6014487472,-58.3971252862,Barrio Norte
147000.0,61.0,-34.553811,-58.453759,Belgrano
105302.0,33.0,-34.6212158,-58.4035735,San Cristobal
142500.0,74.0,-34.6045433,-58.4182362,Almagro
375000.0,76.0,-34.5600767,-58.4463618,Belgrano
70000.0,36.0,-34.6122578,-58.4149356,Almagro
206000.0,60.0,-34.563649,-58.465379,Belgrano
92000.0,36.0,-34.5944575,-58.4432275,Villa Crespo
78900.0,48.0,-34.617005,-58.387558,Monserrat
175000.0,53.0,-34.6343737,-58.3712215,Barracas
110000.0,45.0,,,
209000.0,82.0,-34.5679696,-58.4487838,Belgrano
79700.0,31.0,-34.6230076441,-58.3913563408,Monserrat
145000.0,57.0,-34.5963907,-58.4116606,Palermo
72800.0,35.0,-34.617228,-58.457265,Caballito
136000.0,44.0,-34.597824,-58.416438,Palermo
82500.0,31.0,-34.633021,-58.370341,Barracas
182000.0,59.0,-34.6295084,-58.4347383,Caballito
108000.0,50.0,-34.6177506,-58.3829977,Centro / Microcentro
185000.0,100.0,-34.61121,-58.430751,Caballito
183500.0,60.0,-34.5854115,-58.4434737,Palermo
150000.0,44.0,-34.5790338,-58.438252,Palermo
237000.0,90.0,-34.5735299,-58.4409786,Belgrano
107000.0,52.0,-34.616667,-58.45,Caballito
129000.0,58.0,-34.5632097749,-58.4690852765,Belgrano
135000.0,56.0,-34.570595,-58.484173,Villa Urquiza
125000.0,38.0,-34.590165,-58.400558,Recoleta
99000.0,67.0,-34.62969,-58.370891,Barracas
96000.0,38.0,-34.5965586611,-58.4198318965,Palermo
130000.0,66.0,-34.6062505,-58.4415822,Caballito
175000.0,50.0,-34.5934993495,-58.3976831057,Recoleta
126900.0,44.0,-34.62408,-58.4307,Caballito
89900.0,39.0,-34.600927,-58.437438,Villa Crespo
159500.0,66.0,-34.595587744,-58.4410885784,Villa Crespo
139500.0,55.0,-34.5940365,-58.4438046,Villa Crespo
260000.0,97.0,-34.6023874,-58.429063,Almagro
260000.0,45.0,-34.621484,-58.360963,Puerto Madero
82000.0,43.0,-34.6292137602,-58.3998250693,Parque Patricios
109500.0,47.0,-34.596667,-58.381232,Retiro
132000.0,51.0,-34.5576080248,-58.4805825768,Saavedra
198000.0,90.0,-34.6099028,-58.431512,Caballito
155000.0,80.0,-34.6117395,-58.4739117,Villa General Mitre
249000.0,74.0,-34.6197904055,-58.4343878888,Caballito
135000.0,41.0,-34.54962,-58.454711,Nuñez
112320.0,42.0,-34.544171,-58.478875,Saavedra
93600.0,36.0,-34.586191,-58.440431,Palermo
149000.0,62.0,-34.6037137392,-58.3815808896,Villa Crespo
135000.0,48.0,-34.6230978,-58.466323,Flores
70000.0,31.0,-34.609251,-58.431375,Caballito
150000.0,65.0,,,Belgrano
194100.0,72.0,-34.5720808,-58.4825026,Villa Urquiza
119000.0,53.0,-34.631546,-58.441433,Parque Chacabuco
70000.0,36.0,-34.6049101,-58.4154542,Almagro
98000.0,59.0,-34.6105130552,-58.3943872138,Congreso
79900.0,45.0,-34.6308205,-58.4695944,Flores
120000.0,70.0,-34.6323606,-58.3732828,Barracas
82400.0,32.0,-34.5644917,-58.4723786,Palermo
203000.0,70.0,-34.572641,-58.474684,Villa Urquiza
112700.0,46.0,,,Floresta
85000.0,44.0,-34.627564,-58.4109898,Boedo
207700.0,60.0,-34.5982958,-58.4173784,Abasto
125000.0,50.0,-34.6240354,-58.4042052,Balvanera
210000.0,99.0,-34.559658,-58.461664,Belgrano
105500.0,46.0,-34.60808733,-58.43089266,Parque Centenario
153000.0,78.0,-34.5686083,-58.4677387,Belgrano
155000.0,39.0,-34.5861553,-58.4300609,Palermo
65000.0,46.0,,,Constitución
84500.0,35.0,-34.6244262,-58.3973636,San Cristobal
209990.0,76.0,-34.5723206,-58.4335469,Palermo
300000.0,100.0,-34.6212284,-58.3683401,San Telmo
235000.0,83.0,-34.5846738536,-58.4002593786,Barrio Norte
275000.0,86.0,-34.5673888,-58.4480445,Belgrano
225000.0,97.0,-34.6039694,-58.4383643,Caballito
156000.0,83.0,,,Paternal
118000.0,71.0,-34.6183879468,-58.4256533906,Almagro
85000.0,37.0,-34.549965,-58.4659,Nuñez
85000.0,40.0,-34.639032,-58.503277,Villa Luro
74500.0,38.0,-34.5976128,-58.4440083,Villa Crespo
180000.0,70.0,-34.6087082126,-58.4256268241,Almagro
99975.0,33.0,-34.5687846,-58.4768939,Villa Urquiza
165000.0,60.0,-34.5402985,-58.4692078,Nuñez
93468.0,38.0,-34.6233348,-58.3748384,San Telmo
75000.0,34.0,-34.607282,-58.40135,Balvanera
100000.0,43.0,-34.620947,-58.449528,Caballito
170000.0,46.0,-34.5718525,-58.4471998,Belgrano
95000.0,34.0,-34.58478,-58.477444,Villa Urquiza
50000.0,40.0,-34.54435,-58.47946,Saavedra
83160.0,37.0,-34.6256447,-58.4611155,Flores
165000.0,75.0,-34.63289,-58.361928,Boca
280000.0,98.0,-34.5895313,-58.4095194,Palermo
110000.0,47.0,-34.584411,-58.507025,Villa Pueyrredón
99000.0,74.0,-34.6072023,-58.4035194,Balvanera
80000.0,35.0,-34.6068242058,-58.416649276,Almagro
125000.0,60.0,-34.6002337,-58.4527474,Villa Crespo
105000.0,39.0,-34.5528154546,-58.4681001518,Nuñez
84000.0,33.0,,,Coghlan
180000.0,87.0,-34.5718762094,-58.4877971841,Villa Urquiza
187000.0,86.0,-34.587953,-58.414446,Palermo
85000.0,33.0,-34.6109658,-58.4179627,Almagro
90000.0,43.0,-34.6157105,-58.3916741,Balvanera
110000.0,35.0,-34.6161011,-58.4110759,Balvanera
135000.0,60.0,-34.6321335,-58.4690249,Flores
145000.0,79.0,,,Boca
248000.0,88.0,-34.559524,-58.455898,Belgrano
92000.0,45.0,-34.555898,-58.479251,Saavedra
89500.0,40.0,-34.6202466,-58.4165902,Almagro
160000.0,62.0,-34.6108194634,-58.4164492749,Once
123000.0,43.0,-34.5817888,-58.449509,Colegiales
105000.0,44.0,-34.556862,-58.457876,Belgrano
104000.0,55.0,-34.6016125,-58.3874235,Tribunales
155000.0,77.0,-34.610198,-58.441065,Villa Crespo
158000.0,77.0,-34.596756,-58.381452,Retiro
97000.0,71.0,-34.611701,-58.438747,Caballito
98000.0,35.0,-34.5502415,-58.4676781,Nuñez
58000.0,55.0,,,Villa Lugano
107000.0,48.0,-34.5562825,-58.4790126,Nuñez
78000.0,36.0,-34.616433,-58.477478,Villa del Parque
64000.0,34.0,-34.648885,-58.484774,Parque Avellaneda
125000.0,50.0,-34.6317516923,-58.4848871652,Floresta
85000.0,48.0,-34.6308299,-58.459903,Flores
191134.0,71.0,-34.54179,-58.476815,Nuñez
112000.0,60.0,-34.6103745,-58.399023,Congreso
177000.0,52.0,-34.582143,-58.448764,Palermo
120000.0,37.0,-34.5596996,-58.4468228,Belgrano
140000.0,46.0,-34.5541654,-58.4655168,Nuñez
126360.0,41.0,-34.5710926,-58.4846052,Villa Urquiza
85500.0,38.0,-34.6037137392,-58.3815808896,Abasto
88000.0,33.0,-34.5923159302,-58.4338175662,Palermo
88500.0,34.0,-34.577097,-58.452137,Colegiales
58904.0,38.0,-34.631255,-58.370463,Barracas
170000.0,84.0,-34.547057,-58.460419,Nuñez
115000.0,80.0,-34.6067314268,-58.4006620127,Balvanera
75000.0,48.0,-34.621434,-58.390198,San Cristobal
69500.0,38.0,-34.620866,-58.509493,Villa Devoto
139000.0,42.0,-34.597769,-58.42644,Villa Crespo
98000.0,39.0,-34.625268,-58.454082,Caballito
130000.0,41.0,-34.600269,-58.4090862,Barrio Norte
148000.0,74.0,-34.6118423,-58.4116076,Balvanera
74000.0,33.0,-34.5653209202,-58.4716025037,Coghlan
129000.0,90.0,-34.6135876,-58.4107896,Almagro
78000.0,37.0,-34.6113848,-58.4073279,Once
130000.0,47.0,-34.624235218,-58.3696383829,San Telmo
135000.0,65.0,-34.603207,-58.434161,Caballito
115000.0,50.0,-34.5848438,-58.5041771,Villa Pueyrredón
125000.0,39.0,-34.5495516,-58.4541462,Nuñez
132000.0,65.0,-34.6213780165,-58.4469826183,Caballito
369500.0,98.0,-34.62818,-58.429483,Caballito
155000.0,80.0,-34.567609,-58.472414,Belgrano
77000.0,45.0,-34.5655338,-58.4788297,Villa Urquiza
69000.0,39.0,-34.618305,-58.394136,San Cristobal
269000.0,86.0,-34.572804,-58.420937,Palermo
159000.0,84.0,-34.6095064089,-58.3956532164,Congreso
71400.0,40.0,-34.589676,-58.490095,Agronomía
120000.0,43.0,-34.5478587198,-58.4482092853,Belgrano
162000.0,50.0,-34.5574837,-58.4806697,Saavedra
105000.0,32.0,-34.6156413442,-58.4363698922,Caballito
297638.0,72.0,-34.5525338,-58.4512771,Belgrano
75000.0,39.0,-34.628888,-58.365579,Boca
120000.0,72.0,-34.6278223,-58.3605432,Boca
170000.0,70.0,-34.58934,-58.42761,Palermo
169000.0,64.0,-34.625837,-58.372437,San Telmo
115000.0,50.0,-34.6029395377,-58.3983918577,Once
240000.0,85.0,-34.559393,-58.460462,Belgrano
110000.0,49.0,-34.595929,-58.444068,Villa Crespo
85000.0,40.0,-34.6372552,-58.501144,Villa Luro
128000.0,45.0,-34.5978249,-58.4164389,Palermo
138000.0,67.0,-34.6045526,-58.4168577,Almagro
95000.0,45.0,-34.599627,-58.428249,Villa Crespo
65000.0,39.0,-34.6114442,-58.4078192,Balvanera
165000.0,58.0,-34.6072012,-58.4191852,Almagro
158000.0,43.0,-34.573743,-58.440605,Colegiales
112000.0,70.0,-34.636172,-58.361978,Boca
70000.0,32.0,-34.5907409831,-58.4487530794,Chacarita
145000.0,50.0,-34.5711377804,-58.480766781,Villa Urquiza
65000.0,50.0,-34.635621,-58.35884,Boca
219596.0,83.0,-34.572721,-58.483565,Villa Urquiza
205000.0,68.0,-34.5474472,-58.4588252,Nuñez
74000.0,34.0,-34.5958168,-58.4474666,Villa Crespo
81000.0,43.0,-34.62385,-58.377764,San Telmo
235000.0,96.0,-34.563687,-58.474474,Coghlan
380000.0,79.0,-34.5867085,-58.4190988,Palermo
91000.0,35.0,-34.5538454266,-58.4919050998,Saavedra
156000.0,48.0,-34.5712553,-58.4810658,Villa Urquiza
147000.0,61.0,-34.5520265,-58.453537,Belgrano
129000.0,84.0,-34.61183,-58.396822,Balvanera
117800.0,62.0,-34.6503613594,-58.505256527,Mataderos
179000.0,58.0,-34.5629049,-58.4697507,Belgrano
235705.0,75.0,-34.6132205,-58.4412194,Caballito
115000.0,37.0,-34.5878027,-58.4225687,Palermo
85000.0,42.0,-34.60831,-58.418727,Almagro
135000.0,50.0,-34.5938512,-58.434005,Villa Crespo
108000.0,45.0,-34.605957,-58.396555,Balvanera
149000.0,64.0,-34.6090427855,-58.4848156603,Villa del Parque
158000.0,46.0,-34.5432969,-58.46141,Nuñez
85000.0,43.0,-34.6028068148,-58.4887469933,Villa del Parque
99000.0,44.0,-34.623697,-58.439687,Caballito
130000.0,50.0,-34.6049169,-58.4903979,Villa del Parque
120000.0,67.0,-34.6354828,-58.4524269,Flores
82000.0,42.0,-34.595231,-58.433864,Villa Crespo
112000.0,55.0,-34.6134704,-58.4799462,Villa General Mitre
116996.0,49.0,-34.6244303,-58.3741828,San Telmo
115000.0,44.0,-34.5832367,-58.4114151,Barrio Norte
112000.0,35.0,-34.552745,-58.462983,Nuñez
59500.0,34.0,-34.623205,-58.397709,San Cristobal
145000.0,63.0,-34.5565631,-58.4683603,Nuñez
85000.0,38.0,-34.643737,-58.496761,Villa Luro
135000.0,45.0,-34.5804863,-58.4708779,Villa Urquiza
158500.0,59.0,-34.5687092,-58.4509432,Belgrano
169000.0,66.0,-34.6223398871,-58.4085322312,San Cristobal
160000.0,67.0,-34.5569188,-58.4652614,Belgrano
73800.0,41.0,-34.597773,-58.448669,Villa Crespo
92000.0,43.0,-34.573193,-58.489264,Villa Urquiza
135000.0,53.0,-34.5514317,-58.4646535,Nuñez
224000.0,45.0,-34.611573,-58.363668,Puerto Madero
95000.0,41.0,-34.6039992,-58.4557837,Villa Crespo
99000.0,40.0,-34.6116565,-58.4196847,Almagro
98000.0,35.0,-34.6037137392,-58.3815808896,Belgrano
330000.0,80.0,-34.5895602106,-58.3947492433,Barrio Norte
164959.0,67.0,-34.6167403,-58.4430273,Caballito
75000.0,46.0,-34.612372,-58.402741,Once
190000.0,93.0,-34.5986787,-58.3963347,Barrio Norte
135000.0,66.0,-34.5992793,-58.4196508,Almagro
121500.0,62.0,-34.6318660806,-58.4259152412,Boedo
159900.0,32.0,-34.5638912,-58.4454157,Belgrano
139900.0,89.0,-34.6341464064,-58.480147299,Flores
105000.0,48.0,-34.6188983,-58.4064858,San Cristobal
73000.0,33.0,-34.6736537,-58.4060897,Balvanera
200000.0,51.0,-34.5647343,-58.4359178,Palermo
65000.0,34.0,-34.6127414,-58.4205789,Almagro
125000.0,53.0,-34.5994381313,-58.4851559433,Villa Devoto
103000.0,52.0,-34.617171,-58.369716,San Telmo
99360.0,35.0,-34.6148483,-58.4604643,Caballito
144000.0,56.0,-34.574391,-58.459483,Colegiales
137400.0,74.0,-34.545497,-58.478525,Saavedra
145000.0,100.0,-34.629523,-58.4650154,Flores
82000.0,37.0,-34.6045547,-58.3802473,San Nicolás
215000.0,43.0,-34.591193355,-58.3936256476,Recoleta
105000.0,50.0,-34.6057129,-58.4308693,Parque Centenario
85500.0,41.0,-34.616222,-58.39345,Balvanera
90000.0,34.0,-34.5688102,-58.4576087,Belgrano
189000.0,76.0,-34.5920907,-58.4055977,Recoleta
115000.0,65.0,-34.607684,-58.399239,Once
72000.0,36.0,,,
87500.0,42.0,-34.63912,-58.521075,Liniers
330000.0,65.0,-34.5607738,-58.4606282,Nuñez
290000.0,97.0,-34.5845607,-58.4167391,Palermo
170000.0,47.0,-34.5888413,-58.3849987,Recoleta
135000.0,78.0,-34.5818298,-58.4720836,Villa Urquiza
115000.0,54.0,-34.631467,-58.416577,Boedo
95000.0,37.0,-34.5582269,-58.4583569,Belgrano
185000.0,86.0,-34.596979,-58.40663,Recoleta
67000.0,36.0,-34.6152197,-58.4983578,Monte Castro
93000.0,53.0,-34.641047,-58.431323,Parque Chacabuco
150000.0,56.0,-34.5784942,-58.4345008,Palermo
82000.0,31.0,-34.583758,-58.434155,Palermo
139000.0,70.0,-34.607924,-58.374815,Centro / Microcentro
118974.0,49.0,-34.6244303,-58.3741828,San Telmo
225000.0,76.0,-34.563121,-58.468037,Belgrano
290000.0,100.0,-34.6048035431,-58.3779693438,Barrio Norte
129000.0,60.0,-34.5623519501,-58.4687782122,Coghlan
89500.0,38.0,-34.577985,-58.428099,Palermo
122000.0,80.0,-34.61382,-58.494344,Villa del Parque
89000.0,42.0,-34.647382,-58.4772734,Parque Avellaneda
125000.0,58.0,-34.605749,-58.488293,Villa del Parque
98577.0,41.0,-34.5688712,-58.4884216,Villa Urquiza
133000.0,75.0,-34.6073418,-58.3907693,San Nicolás
99000.0,42.0,-34.5993371549,-58.485000192,Villa Devoto
110000.0,48.0,-34.5942724,-58.4949974,Villa Pueyrredón
102500.0,42.0,-34.5997314,-58.4427098,Villa Crespo
118000.0,40.0,-34.597144,-58.379851,Centro / Microcentro
142067.0,48.0,-34.632079,-58.3703766,Barracas
125000.0,60.0,-34.5812589,-58.4563141,Colegiales
130000.0,53.0,-34.6404629,-58.5290105,Floresta
189000.0,78.0,-34.5895459,-58.3973636,Recoleta
313000.0,92.0,-34.597769,-58.42644,Villa Crespo
174900.0,72.0,-34.624212,-58.404307,San Cristobal
145000.0,40.0,-34.5814957,-58.4484175,Colegiales
109990.0,69.0,-34.612796,-58.406968,Balvanera
179000.0,100.0,-34.617321,-58.439614,Caballito
125000.0,43.0,-34.606305,-58.431656,Villa Crespo
166394.0,55.0,-34.5731507,-58.482362,Villa Urquiza
91500.0,48.0,,,
133000.0,35.0,-34.549608,-58.474142,Nuñez
170000.0,74.0,-34.5992343801,-58.3860588202,Centro / Microcentro
57900.0,65.0,-34.645224,-58.436024,Parque Chacabuco
79000.0,38.0,-34.609387,-58.441622,Caballito
215000.0,50.0,-34.5617098,-58.4434293,Belgrano
198000.0,73.0,-34.5764801,-58.4944286,Villa Urquiza
170000.0,68.0,-34.6208009427,-58.4365968034,Caballito
139000.0,74.0,-34.602209,-58.399969,Balvanera
170000.0,40.0,-34.5432969,-58.46141,Nuñez
100000.0,53.0,-34.5985571,-58.3840818,Retiro
72000.0,62.0,-34.631599,-58.362898,Boca
117600.0,42.0,-34.5517599934,-58.491019798,Saavedra
126000.0,50.0,-34.59770557,-58.4166613563,Palermo
150000.0,60.0,-34.5577461,-58.4830254,Villa Urquiza
93500.0,61.0,-34.625357,-58.3666195,Boca
252000.0,100.0,-34.5776851,-58.4243307,Palermo
85500.0,34.0,-34.6496586,-58.4606052,Flores
69920.0,33.0,-34.5972556,-58.4454984,Villa Crespo
98000.0,57.0,-34.599709,-58.469431,Paternal
101244.0,31.0,-34.562909,-58.465303,Belgrano
97000.0,34.0,-34.5971308,-58.4417361,Villa Crespo
180000.0,64.0,-34.5773229,-58.4240065,Palermo
87000.0,34.0,-34.60746,-58.43891555,Parque Centenario
89000.0,37.0,-34.6182578,-58.4279297,Almagro
259000.0,85.0,-34.5719003943,-58.4744939153,Villa Urquiza
232000.0,93.0,-34.5959115,-58.3920496,Recoleta
130000.0,42.0,-34.563497,-58.465215,Belgrano
149000.0,75.0,-34.616592,-58.386776,Monserrat
180000.0,57.0,-34.5546255,-58.4559584,Nuñez
82000.0,38.0,-34.604495,-58.45602,Villa Crespo
99875.0,44.0,-34.6063416,-58.4464868,Caballito
85000.0,46.0,-34.625227,-58.457758,Flores
95000.0,48.0,-34.552185,-58.485683,Saavedra
134000.0,40.0,,,Belgrano
99000.0,42.0,-34.56293,-58.456739,Belgrano
178000.0,64.0,-34.5632252422,-58.4491468686,Belgrano
225390.0,58.0,-34.639636,-58.507959,Villa Luro
115000.0,31.0,-34.5632047,-58.4513922,Belgrano
69670.0,33.0,-34.6212158,-58.4035735,San Cristobal
75000.0,40.0,,,
110000.0,40.0,-34.5693357,-58.485331,Villa Urquiza
165000.0,63.0,-34.6275935,-58.4396836,Caballito
180000.0,63.0,-34.623771,-58.440083,Caballito
148000.0,64.0,-34.5961219,-58.4255006,Palermo
368000.0,70.0,-34.59947,-58.364042,Puerto Madero
102458.0,45.0,-34.593335,-58.442214,Villa Crespo
230000.0,76.0,-34.569682,-58.4557581,Belgrano
88000.0,42.0,-34.6003888,-58.4307536,Villa Crespo
100000.0,73.0,-34.6946641,-58.4676446,Villa Lugano
144000.0,69.0,-34.6154117,-58.4754707,Villa Santa Rita
78500.0,35.0,-34.60315215,-58.4092647,Abasto
173350.0,36.0,-34.590836,-58.389015,Recoleta
165000.0,47.0,-34.600917,-58.442108,Villa Crespo
122000.0,44.0,-34.6206226,-58.3684327,San Telmo
149000.0,80.0,-34.6116145,-58.4056064,Balvanera
120000.0,55.0,-34.616004,-58.470506,Villa General Mitre
145000.0,58.0,,,Floresta
76000.0,34.0,-34.6177615,-58.383662,Monserrat
83000.0,35.0,-34.6027644,-58.4360764,Villa Crespo
112400.0,43.0,-34.6077796,-58.4687339,Paternal
200000.0,68.0,-34.60662,-58.4304928,Almagro
106630.0,46.0,-34.6008099,-58.4109401,Almagro
125000.0,46.0,-34.5991285,-58.4449945,Villa Crespo
139500.0,55.0,-34.5940489212,-58.4437891643,Villa Crespo
190000.0,61.0,-34.5714065,-58.481306,Villa Urquiza
73000.0,42.0,-34.637913,-58.48546,Velez Sarsfield
130000.0,60.0,-34.5763528162,-58.4415270386,Palermo
120000.0,55.0,-34.5971598,-58.425678,Almagro
61000.0,36.0,-34.6006145,-58.4176768,Almagro
109489.0,43.0,-34.6212158,-58.4035735,San Cristobal
240000.0,82.0,-34.543593,-58.463359,Nuñez
205200.0,48.0,-34.613199,-58.44123,Caballito
290000.0,77.0,-34.5392019,-58.4649179508,Nuñez
110000.0,46.0,-34.637375,-58.4989178,Villa Luro
140000.0,40.0,-34.603478,-58.517055,Villa Devoto
111400.0,33.0,-34.586418,-58.504636,Villa Pueyrredón
159000.0,76.0,-34.6012812,-58.379607,Retiro
129500.0,48.0,-34.6274952,-58.4392333,Flores
90500.0,42.0,-34.6582101,-58.5109039,Mataderos
114000.0,47.0,-34.6429726,-58.3737295,Barracas
101185.0,37.0,,,Villa Urquiza
66600.0,35.0,-34.63099,-58.4201892,Boedo
196500.0,66.0,-34.595328,-58.441536,Villa Crespo
169000.0,49.0,-34.597769,-58.42644,Villa Crespo
98000.0,52.0,-34.644323,-58.493925,Parque Avellaneda
105000.0,47.0,-34.57174,-58.475877,Villa Urquiza
106000.0,34.0,-34.5859299,-58.4404055,Palermo
180000.0,49.0,-34.5962592253,-58.3741856989,Retiro
92000.0,53.0,-34.569588,-58.451257,Belgrano
92000.0,36.0,-34.5742364,-58.4882788,Villa Urquiza
259000.0,94.0,-34.6036844,-58.3815591,Barrio Norte
265000.0,73.0,-34.586921,-58.4187803,Palermo
138000.0,66.0,-34.601017,-58.4313746,Villa Crespo
70000.0,38.0,-34.609502,-58.411796,Balvanera
250000.0,72.0,-34.5596631,-58.4623963,Belgrano
231495.0,62.0,-34.6153103,-58.3619834,Puerto Madero
105625.0,38.0,-34.6277787,-58.4324062,Caballito
89412.0,36.0,-34.5546524,-58.4936437,Saavedra
178000.0,72.0,-34.5543389,-58.4603122,Belgrano
99500.0,63.0,-34.6087573,-58.4298324,Almagro
68000.0,35.0,-34.61607,-58.43392,Flores
99000.0,35.0,-34.542957,-58.46235,Nuñez
170000.0,69.0,-34.5936432,-58.4034955,Barrio Norte
150000.0,65.0,-34.620947,-58.449528,Caballito
165000.0,62.0,-34.59793,-58.3882455,Barrio Norte
81500.0,35.0,-34.6047969,-58.454126,Villa Crespo
120000.0,36.0,-34.5600393,-58.4667932,Belgrano
105000.0,45.0,,,Las Cañitas
210000.0,57.0,-34.563779,-58.450937,Belgrano
60000.0,56.0,-34.6848640466,-58.4611011534,Villa Lugano
260000.0,65.0,-34.5963548,-58.4091008,Barrio Norte
184300.0,97.0,-34.61973,-58.400558,San Cristobal
100000.0,42.0,-34.597605,-58.444272,Villa Crespo
154000.0,41.0,-34.5542681,-58.4576474,Nuñez
135000.0,68.0,-34.598243,-58.498828,Villa del Parque
162000.0,72.0,-34.6036844,-58.3815591,Congreso
135000.0,54.0,-34.6087654,-58.4390479,Parque Centenario
195000.0,99.0,-34.589945,-58.422418,Palermo
79500.0,36.0,-34.6053211,-58.4740494,Villa del Parque
248000.0,96.0,-34.5591487,-58.4562072,Belgrano
65000.0,33.0,-34.6360226,-58.3581979,Boca
69000.0,32.0,-34.613661,-58.385339,Monserrat
180000.0,58.0,-34.6139909,-58.5251083,Villa Devoto
120000.0,40.0,-34.5835498,-58.427017,Palermo
114500.0,52.0,-34.5545189,-58.4854197,Saavedra
100000.0,33.0,-34.5849069,-58.4430006,Palermo
165000.0,75.0,-34.6332853,-58.3620255,Boca
168000.0,76.0,-34.5642911,-58.4562083,Belgrano
85000.0,56.0,-34.632184,-58.408535,Parque Patricios
149000.0,79.0,-34.6344407,-58.4747469,Floresta
110000.0,50.0,-34.6120144,-58.398354,Congreso
120000.0,50.0,-34.5613457644,-58.4736812401,Belgrano
290000.0,79.0,-34.5768402,-58.4221209,Palermo
120000.0,54.0,-34.6276019,-58.5043329,Villa Luro
74000.0,37.0,-34.555328,-58.494451,Saavedra
168000.0,64.0,-34.598701,-58.429799,Villa Crespo
180000.0,70.0,-34.5475074,-58.4842066,Saavedra
140000.0,78.0,-34.604141,-58.4102441,Almagro
165800.0,60.0,-34.5848,-58.441966,Palermo
75000.0,38.0,-34.6152061,-58.4983692,Monte Castro
250000.0,82.0,-34.5911669,-58.3984045,Recoleta
159000.0,56.0,-34.601051,-58.412161,Abasto
135000.0,50.0,-34.613167,-58.414597,Almagro
93000.0,42.0,-34.634099,-58.375622,Barracas
117000.0,91.0,-34.6110095,-58.4006314,Congreso
89000.0,56.0,-34.613579,-58.3720875,San Telmo
94000.0,38.0,-34.553292,-58.457291,Belgrano
92860.0,44.0,-34.570083,-58.476073,Villa Urquiza
290000.0,50.0,-34.5696558,-58.4329632,Las Cañitas
138000.0,86.0,-34.6021965,-58.3976573,Balvanera
116996.0,49.0,,,San Telmo
140000.0,78.0,-34.6086216494,-58.4194307376,Almagro
64500.0,33.0,-34.6157627423,-58.5007833163,Villa Devoto
260000.0,100.0,-34.6022466,-58.4301607,Almagro
119000.0,37.0,-34.5994116372,-58.4851988587,Villa Devoto
137000.0,46.0,-34.6082575,-58.4852234,Villa del Parque
129000.0,70.0,-34.600133,-58.374696,Centro / Microcentro
158000.0,72.0,-34.6010624,-58.4376694,Villa Crespo
96000.0,35.0,-34.556809,-58.457834,Belgrano
89500.0,34.0,-34.616703,-58.4570045,Caballito
105000.0,39.0,-34.5957503,-58.3814548,Retiro
153700.0,48.0,-34.597769,-58.42644,Villa Crespo
206675.0,55.0,-34.6132205,-58.4412194,Caballito
78000.0,33.0,-34.6032772,-58.4280128,Almagro
89000.0,58.0,-34.6353314,-58.3607084,Boca
180000.0,90.0,-34.6325443,-58.4538717,Flores
117000.0,52.0,-34.6116276934,-58.4155312677,Almagro
108000.0,37.0,-34.589711,-58.393643,Recoleta
134000.0,82.0,-34.640305,-58.522947,Liniers
225000.0,73.0,-34.5507282,-58.465326,Nuñez
214000.0,83.0,-34.556375,-58.468466,Nuñez
175000.0,90.0,-34.5732041293,-58.4825707884,Villa Urquiza
110000.0,39.0,-34.589376,-58.419041,Palermo
110000.0,43.0,-34.6145577,-58.4038018,Balvanera
68000.0,36.0,-34.5574934,-58.4740705,Coghlan
166000.0,51.0,-34.5865453,-58.4105558,Barrio Norte
158000.0,58.0,-34.563251,-58.461207,Belgrano
245000.0,47.0,-34.617465,-58.361767,Puerto Madero
140000.0,75.0,-34.5513172382,-58.4893517227,Saavedra
67138.0,31.0,-34.6212158,-58.4035735,San Cristobal
80000.0,35.0,-34.5907002936,-58.4193201484,Palermo
165000.0,65.0,-34.620901,-58.44387,Caballito
172000.0,32.0,-34.5638911,-58.4454154,Belgrano
118400.0,69.0,-34.638352,-58.413797,Parque Patricios
125000.0,47.0,,,Palermo
132000.0,47.0,-34.5656582,-58.4652041,Villa Urquiza
84500.0,46.0,-34.60357429,-58.4075603452,Once
148000.0,83.0,-34.592985,-58.44606,Villa Crespo
78000.0,35.0,-34.5843603,-58.453461,Chacarita
113000.0,44.0,-34.6087781,-58.4309507,Almagro
165000.0,42.0,-34.5648243,-58.4390592,Belgrano
73000.0,36.0,-34.6057838,-58.459192,Caballito
98000.0,52.0,-34.637834,-58.503098,Villa Luro
70000.0,42.0,-34.631054,-58.504558,Villa Luro
58000.0,50.0,,,
89900.0,48.0,-34.602826,-58.3682693,Balvanera
249000.0,60.0,-34.5784951,-58.4375603,Palermo
89000.0,31.0,-34.5586136,-58.4460439,Belgrano
155000.0,43.0,-34.6354230552,-58.3642364336,Boca
135000.0,35.0,-34.5681247,-58.4779329,Villa Urquiza
85000.0,47.0,-34.6030578,-58.3915939,San Nicolás
210000.0,93.0,-34.5888921828,-58.4075992892,Recoleta
84313.0,38.0,-34.6008099,-58.4109401,Almagro
76000.0,40.0,-34.628264,-58.436236,Caballito
295000.0,91.0,-34.5841775,-58.4191918,Palermo
90000.0,48.0,-34.591884,-58.439262,Villa Crespo
99000.0,44.0,-34.561036,-58.465955,Belgrano
98000.0,40.0,-34.5864460547,-58.4042301108,Barrio Norte
79000.0,39.0,-34.583457,-58.450063,Chacarita
90600.0,43.0,-34.6582271,-58.5109507,Mataderos
86200.0,38.0,-34.6161132,-58.4110941,Balvanera
75900.0,41.0,-34.597773,-58.448669,Villa Crespo
133000.0,75.0,-34.6073418,-58.3907693,Balvanera
250000.0,89.0,-34.5895459,-58.3973636,Recoleta
105000.0,53.0,-34.624943,-58.416152,Almagro
96135.0,37.0,-34.5945746,-58.4296409,Palermo
108962.0,46.0,-34.6244301,-58.3741828,San Telmo
145000.0,54.0,-34.602215,-58.436474,Villa Crespo
119900.0,41.0,-34.553048,-58.474045,Nuñez
172000.0,77.0,-34.6433814,-58.503667,Villa Luro
130000.0,90.0,-34.6071483846,-58.3950737908,Congreso
205000.0,37.0,-34.5951698271,-58.3900615127,Recoleta
233000.0,82.0,-34.5985537,-58.3973457,Barrio Norte
115000.0,42.0,-34.602694,-58.427846,Almagro
72500.0,37.0,-34.6830375,-58.3960241,San Nicolás
75000.0,40.0,,,Tribunales
149000.0,75.0,-34.6186,-58.3781,San Telmo
220000.0,100.0,-34.5393347,-58.4660263,Nuñez
120000.0,52.0,-34.60613,-58.4741353,Villa General Mitre
105000.0,67.0,-34.633471,-58.361686,Boca
98400.0,41.0,-34.597255,-58.447667,Villa Crespo
144000.0,73.0,-34.5746086,-58.5013599,Villa Pueyrredón
107000.0,44.0,-34.582397,-58.422568,Palermo
213850.0,92.0,-34.5571834,-58.4808592,Saavedra
109700.0,36.0,-34.597769,-58.42644,Villa Crespo
150000.0,52.0,-34.5536629526,-58.4555330697,Belgrano
67500.0,41.0,-34.6178424,-58.414139,Almagro
73000.0,31.0,-34.6227163,-58.3915063,Congreso
285000.0,90.0,-34.5894171,-58.4018627,Barrio Norte
120000.0,36.0,-34.567711,-58.4328,Palermo
85000.0,37.0,-34.5590314,-58.456366,Belgrano
220000.0,50.0,-34.5834561,-58.4280968,Palermo
267000.0,52.0,-34.5776851,-58.4243307,Palermo
72000.0,31.0,-34.6173396,-58.4493817,Caballito
179000.0,69.0,-34.5405219193,-58.4675968952,Nuñez
175000.0,94.0,-34.601977,-58.432479,Villa Crespo
115000.0,35.0,-34.566256,-58.482418,Villa Urquiza
79000.0,37.0,-34.571497,-58.44395,Belgrano
220000.0,79.0,-34.562147,-58.484806,Villa Urquiza
155000.0,98.0,-34.6087587,-58.4044547,Once
99445.0,45.0,-34.593335,-58.442214,Villa Crespo
365000.0,76.0,-34.5638912,-58.4454157,Belgrano
136000.0,42.0,-34.587475,-58.398707,Barrio Norte
135000.0,35.0,,,Palermo
87000.0,54.0,-34.601692,-58.372539,Centro / Microcentro
110000.0,31.0,-34.5756791994,-58.4305388774,Palermo
338900.0,96.0,-34.597769,-58.42644,Villa Crespo
115000.0,50.0,-34.5590677,-58.4444804,Belgrano
205000.0,68.0,-34.552083,-58.476375,Nuñez
76000.0,34.0,,,Floresta
180000.0,90.0,-34.609052,-58.4400304,Caballito
87600.0,50.0,-34.61747,-58.418382,Almagro
85000.0,55.0,-34.6371322,-58.4055961,Once
144196.0,59.0,-34.6209278,-58.4458736,Caballito
155000.0,79.0,-34.6103048,-58.4081857,Almagro
79000.0,45.0,-34.6508555,-58.5151685,Liniers
98000.0,46.0,-34.6094731,-58.4803833,Paternal
115000.0,42.0,-34.575693,-58.422512,Palermo
125000.0,45.0,-34.6076685,-58.449767,Paternal
62000.0,31.0,-34.6007058,-58.3895931,Recoleta
255500.0,85.0,-34.5427503,-58.4601452,Nuñez
330000.0,60.0,-34.6040432,-58.3635071,Puerto Madero
138000.0,60.0,-34.555938,-58.477285,Saavedra
249000.0,86.0,-34.5587987,-58.4645989,Belgrano
95000.0,38.0,-34.5695975,-58.4904251,Villa Urquiza
58333.0,35.0,-34.6186349,-58.478887,Flores
125000.0,47.0,-34.6066456757,-58.4490806646,Villa Crespo
127400.0,37.0,-34.62818,-58.429483,Caballito
135935.0,47.0,-34.5941112,-58.4410557,Villa Crespo
168000.0,60.0,-34.6209368,-58.4446544,Caballito
101000.0,49.0,-34.6177615,-58.383662,Centro / Microcentro
270000.0,94.0,-34.631518,-58.376436,Barracas
60000.0,54.0,-34.633349,-58.358281,Boca
165000.0,73.0,-34.6075585,-58.499773,Villa del Parque
171593.0,57.0,-34.612287,-58.422895,Almagro
119800.0,47.0,-34.5469102,-58.47859,Saavedra
136900.0,58.0,-34.578811,-58.456535,Colegiales
123000.0,51.0,-34.5421771,-58.4766418,Saavedra
166300.0,56.0,-34.5719003943,-58.4744939153,Villa Urquiza
82000.0,31.0,-34.6261244,-58.3859524,Constitución
67000.0,33.0,-34.5974744,-58.4871867,Villa del Parque
160000.0,52.0,,,Belgrano
118000.0,52.0,-34.5966426,-58.4349834,Villa Crespo
75000.0,41.0,-34.6103909378,-58.3910482884,Congreso
148000.0,55.0,-34.577168,-58.538654,Villa Devoto
225000.0,99.0,-34.553195,-58.456167,Belgrano
94000.0,47.0,-34.54384,-58.480901,Nuñez
135000.0,73.0,-34.6320559051,-58.4708167619,Flores
83500.0,33.0,-34.6371994,-58.4391556,Caballito
125000.0,75.0,-34.6303785,-58.4683497,Flores
127000.0,41.0,-34.5620844,-58.4566864,Belgrano
175000.0,67.0,-34.6442699,-58.5025351,Villa Luro
100000.0,40.0,-34.596759,-58.379846,Retiro
42900.0,37.0,-34.6186125,-58.4633363,Flores
320000.0,58.0,-34.5785999,-58.410066,Palermo
150000.0,67.0,,,
68000.0,38.0,-34.6049303,-58.4067975,Balvanera
112000.0,44.0,-34.5505304539,-58.4970536653,Saavedra
169000.0,60.0,-34.5770261,-58.4840109,Villa del Parque
117000.0,55.0,-34.6084291073,-58.4012107535,Congreso
105000.0,45.0,-34.5719303,-58.4838642,Villa Urquiza
99696.0,33.0,-34.5687846,-58.4768939,Villa Urquiza
175000.0,42.0,-34.5828954116,-58.4207549159,Palermo
180000.0,63.0,-34.5446865,-58.4659096,Saavedra
155000.0,73.0,-34.62754,-58.430979,Caballito
152000.0,82.0,-34.6075261771,-58.5118789309,Villa Devoto
254000.0,92.0,-34.5495227,-58.4692294,Nuñez
330000.0,65.0,-34.5607742,-58.4606278,Nuñez
94923.0,33.0,-34.5981394,-58.486145,Villa del Parque
115000.0,34.0,-34.5756331,-58.4363043,Palermo
237000.0,100.0,-34.5619726,-58.463709,Belgrano
239000.0,87.0,-34.6405489,-58.5299296,Caballito
175000.0,63.0,-34.5496870424,-58.467528104,Nuñez
92000.0,35.0,-34.574284,-58.48177,Villa Urquiza
120000.0,50.0,-34.6009149,-58.4050038,Once
230000.0,90.0,-34.6289962,-58.4587265,Flores
103000.0,59.0,-34.6036844,-58.3815591,Congreso
118000.0,40.0,-34.596822,-58.4129729,Palermo
197000.0,78.0,-34.6208623412,-58.4548664796,Caballito
84000.0,35.0,-34.5504713308,-58.4668325353,Nuñez
240000.0,56.0,-34.581244,-58.442786,Palermo
112000.0,75.0,-34.6092776,-58.4059185,Once
320000.0,90.0,-34.59083,-58.407902,Palermo
176000.0,61.0,-34.5574837,-58.4806697,Saavedra
118000.0,38.0,-34.6044977,-58.4243713,Almagro
123000.0,68.0,-34.612127,-58.428647,Almagro
79395.0,46.0,-34.63093,-58.468101,Flores
295000.0,60.0,-34.6182685716,-58.3613907159,Puerto Madero
89000.0,48.0,-34.6429808,-58.4943971,Villa Luro
94000.0,37.0,-34.6208255,-58.4293098,Caballito
115000.0,38.0,-34.5903724,-58.4314768,Palermo
170000.0,65.0,-34.5788631,-58.4907625,Villa Urquiza
73800.0,41.0,-34.597255,-58.447667,Villa Crespo
115000.0,55.0,-34.637039,-58.472886,Floresta
175000.0,56.0,-34.55729,-58.450212,Belgrano
89900.0,31.0,-34.6018927328,-58.4327067207,Villa Crespo
80000.0,32.0,-34.5644796,-58.4722969,Coghlan
139000.0,90.0,-34.6467533,-58.4994608,Mataderos
340000.0,100.0,-34.5516347,-58.4824993,Saavedra
108000.0,45.0,-34.6047969,-58.454126,Villa Crespo
95000.0,64.0,-34.642333,-58.373266,Barracas
290000.0,73.0,-34.5821239628,-58.4267797891,Palermo
71500.0,35.0,-34.6082699,-58.4423974,Caballito
116929.0,34.0,-34.5777784,-58.4351583,Palermo
95000.0,42.0,-34.5570206,-58.4458093,Belgrano
98000.0,45.0,-34.594729,-58.404908,Barrio Norte
93000.0,42.0,-34.565454,-58.47375,Coghlan
100000.0,49.0,-34.566969,-58.478875,Villa Urquiza
128500.0,45.0,-34.6097224,-58.430979,Caballito
95000.0,51.0,-34.601024,-58.390883,San Nicolás
140000.0,90.0,-34.6068792,-58.4088284,Once
91189.0,31.0,-34.6014487472,-58.3971252862,Barrio Norte
285000.0,80.0,-34.6037137392,-58.3815808896,Palermo
78000.0,39.0,-34.590091,-58.3711168,San Nicolás
365000.0,100.0,-34.5962869,-58.3760423,Retiro
93000.0,38.0,-34.5820865,-58.4506784,Colegiales
195000.0,84.0,-34.604318,-58.50827,Villa Devoto
145000.0,98.0,-34.621483,-58.390128,San Cristobal
165000.0,45.0,-34.610796,-58.380515,Monserrat
181000.0,85.0,-34.5735686461,-58.4384177187,Belgrano
79500.0,49.0,-34.632719,-58.475386,Floresta
150000.0,65.0,-34.6019437,-58.4095732,Almagro
89500.0,40.0,-34.6202466,-58.4165902,Almagro
74000.0,32.0,,,
185000.0,66.0,-34.5665883987,-58.4516240558,Belgrano
140000.0,59.0,-34.577324,-58.471314,Villa Urquiza
78000.0,56.0,-34.631163,-58.362063,Boca
105000.0,48.0,-34.5769911,-58.4514747,Colegiales
149500.0,67.0,-34.616445,-58.374543,San Telmo
164000.0,56.0,-34.557199,-58.480847,Saavedra
130000.0,75.0,-34.6448698,-58.4083774,Balvanera
105000.0,38.0,-34.5776682268,-58.4326811349,Palermo
120000.0,33.0,-34.597205,-58.417149,Puerto Madero
81900.0,37.0,-34.6256447,-58.4611155,Flores
105000.0,39.0,,,Palermo
117000.0,75.0,-34.6185262584,-58.4646919784,Caballito
260000.0,79.0,-34.5915663,-58.5068965,Villa Devoto
138000.0,79.0,-34.6101819118,-58.3947372437,Congreso
78000.0,40.0,-34.6036844,-58.3815591,Centro / Microcentro
115000.0,60.0,-34.6186037,-58.44344,Caballito
136000.0,37.0,-34.5817888,-58.449509,Colegiales
95000.0,46.0,-34.598843,-58.415723,Palermo
210000.0,70.0,-34.5686398,-58.4438344,Belgrano
157350.0,55.0,-34.5542242,-58.4678339,Nuñez
85000.0,34.0,-34.5607997,-58.4661541,Villa Urquiza
86000.0,35.0,-34.5673743,-58.4727656,Villa Urquiza
185000.0,53.0,-34.590741,-58.416323,Palermo
170000.0,66.0,-34.62784,-58.43231,Caballito
75806.0,35.0,-34.6212158,-58.4035735,San Cristobal
114000.0,55.0,-34.6043364801,-58.3730819646,Almagro
110000.0,60.0,-34.6486593,-58.3755346,Barracas
115000.0,53.0,-34.5698914309,-58.4720665497,Belgrano
60000.0,31.0,-34.60537,-58.443333,Villa del Parque
80000.0,44.0,-34.651143,-58.504233,Mataderos
100000.0,59.0,-34.6020637,-58.411252,Balvanera
58000.0,35.0,-34.627724,-58.4317953,Caballito
330000.0,65.0,-34.5607738,-58.4606282,Belgrano
160000.0,37.0,-34.575966,-58.430007,Palermo
205000.0,66.0,-34.5712553,-58.4810658,Villa Urquiza
105000.0,42.0,-34.6037137392,-58.3815808896,Almagro
61415.0,35.0,-34.6186349,-58.478887,Flores
107000.0,56.0,-34.552165,-58.468723,Belgrano
47543.0,62.0,-34.5413289,-58.473409,Nuñez
155000.0,65.0,-34.570048,-58.450184,Belgrano
129000.0,62.0,-34.5589314,-58.4441875,Belgrano
175000.0,88.0,-34.6236,-58.378645,San Telmo
205000.0,53.0,-34.540447,-58.473573,Nuñez
148000.0,67.0,-34.6206226,-58.3684327,San Telmo
90000.0,33.0,-34.5849069,-58.4430006,Palermo
119000.0,85.0,-34.6037137392,-58.3815808896,Villa Luro
119000.0,50.0,-34.574613,-58.488958,Villa Urquiza
85000.0,35.0,-34.5942200865,-58.4034886949,Recoleta
136000.0,45.0,-34.6047969,-58.454126,Villa Crespo
55000.0,55.0,,,Villa Lugano
170000.0,67.0,-34.564492,-58.4723806,Coghlan
170000.0,47.0,-34.5535083,-58.4540023,Belgrano
165000.0,34.0,-34.5596702,-58.4544156,Belgrano
107000.0,46.0,-34.6111519,-58.4870799,Villa Santa Rita
125000.0,38.0,-34.5571189,-58.4903117,Saavedra
84000.0,36.0,-34.61335,-58.38465,Centro / Microcentro
123000.0,63.0,-34.6005818,-58.4045072,Barrio Norte
75180.0,34.0,-34.596269,-58.497952,Villa Devoto
150000.0,77.0,-34.6037137392,-58.3815808896,Flores
90000.0,70.0,-34.604265,-58.460655,Caballito
155000.0,37.0,-34.587156,-58.3966617,Barrio Norte
120000.0,53.0,-34.5995352,-58.4302201,Almagro
145000.0,80.0,-34.626109,-58.366447,San Telmo
109900.0,42.0,-34.62468,-58.435206,Caballito
59031.0,35.0,-34.6186349,-58.478887,Flores
83000.0,40.0,-34.6036844,-58.3815591,Villa Crespo
70000.0,46.0,-34.6253806,-58.481217,Floresta
155000.0,66.0,-34.5907572,-58.4354142,Palermo
149900.0,54.0,-34.588677,-58.4137973,Palermo
125000.0,40.0,-34.5441874,-58.4789795,Saavedra
90000.0,42.0,-34.6046722,-58.4044552,Once
125000.0,46.0,-34.558751,-58.451675,Belgrano
249000.0,78.0,-34.597769,-58.42644,Villa Crespo
164000.0,67.0,-34.6196831,-58.3757822,San Telmo
259000.0,73.0,-34.551488,-58.463507,Nuñez
95000.0,40.0,-34.5945508,-58.4421781,Villa Crespo
85000.0,50.0,-34.6073563,-58.387814,Congreso
188500.0,44.0,-34.5900864,-58.4202008,Palermo
98000.0,45.0,-34.6380573,-58.3634811,Boca
215000.0,81.0,-34.5849876,-58.4129571,Palermo
109000.0,67.0,-34.58751,-58.510665,Villa Devoto
86000.0,40.0,-34.616075,-58.501434,Villa Devoto
110000.0,53.0,-34.571436,-58.482973,Villa Urquiza
128000.0,60.0,,,Las Cañitas
129000.0,55.0,,,
89000.0,42.0,-34.647382,-58.4772734,Parque Avellaneda
85000.0,34.0,-34.613767,-58.418684,Almagro
94000.0,48.0,-34.601996,-58.390628,Tribunales
45000.0,41.0,-34.6473525,-58.4576157,Flores
84500.0,46.0,-34.601799,-58.490956,Villa del Parque
180000.0,85.0,-34.6315575,-58.4436023,Parque Chacabuco
118000.0,80.0,-34.6327951,-58.4876292,Floresta
121515.0,47.0,-34.6244303,-58.3741828,San Telmo
105000.0,56.0,-34.5532325,-58.4786497,Saavedra
238036.0,67.0,-34.589548,-58.4193856,Palermo
103000.0,38.0,-34.6362315,-58.3755151,Barracas
100000.0,52.0,-34.637834,-58.503098,Villa Luro
285000.0,80.0,-34.581244,-58.442786,Palermo
94800.0,43.0,-34.5982393,-58.4250113,Palermo
155000.0,99.0,-34.6033015,-58.4059201,Balvanera
101510.0,34.0,-34.5731507,-58.482362,Villa Urquiza
105000.0,70.0,-34.608557,-58.401282,Balvanera
145000.0,55.0,-34.6230792,-58.4090293,Boedo
110000.0,50.0,-34.6118022511,-58.3982710524,Congreso
220000.0,53.0,-34.5830542765,-58.4241328351,Palermo
106000.0,47.0,-34.6087862,-58.4304906,Caballito
160000.0,38.0,-34.5745068,-58.458131,Colegiales
72000.0,34.0,-34.6131267465,-58.3996658011,Congreso
158000.0,86.0,-34.615533,-58.394541,Balvanera
105000.0,69.0,-34.618862,-58.382945,Monserrat
100800.0,45.0,-34.6157142,-58.4170204,Almagro
140000.0,54.0,-34.550716,-58.45499,Nuñez
138000.0,58.0,-34.5705687,-58.448536,Belgrano
56900.0,35.0,-34.611630054,-58.4013462067,Congreso
85000.0,35.0,-34.615229,-58.435214,Caballito
110000.0,53.0,-34.611050492,-58.4430183058,Caballito
93000.0,50.0,-34.6145386963,-58.4762577092,Paternal
205000.0,52.0,-34.5577492288,-58.4518146515,Belgrano
165000.0,40.0,-34.5667705,-58.4718696,Villa Urquiza
95000.0,35.0,-34.5582269,-58.4583569,Belgrano
92000.0,60.0,,,Floresta
62300.0,33.0,-34.6172737911,-58.4154084613,Almagro
210000.0,59.0,-34.5666702,-58.4533539,Belgrano
85000.0,45.0,-34.5678672598,-58.4722804869,Belgrano
300000.0,83.0,-34.5847516,-58.4150253,Palermo
69458.0,34.0,-34.63099,-58.4201892,Boedo
84000.0,33.0,,,
97000.0,40.0,-34.591707,-58.425593,Palermo
120000.0,70.0,-34.577168,-58.538654,Villa del Parque
135000.0,60.0,-34.6044653,-58.4274665,Almagro
105000.0,43.0,-34.62048,-58.411564,Boedo
180000.0,84.0,-34.583298,-58.422503,Palermo
120000.0,56.0,-34.567821,-58.493614,Villa Urquiza
77500.0,36.0,-34.6014395,-58.4373077,Villa Crespo
280000.0,73.0,-34.6060978493,-58.3987216635,Congreso
105000.0,58.0,-34.60582,-58.402162,Balvanera
99000.0,55.0,-34.613932,-58.386225,Monserrat
89600.0,34.0,-34.5809943,-58.4908182,Villa Urquiza
84000.0,33.0,-34.609251,-58.431375,Caballito
92000.0,67.0,-34.6072575,-58.4206254,Almagro
158000.0,52.0,-34.5817888,-58.449509,Colegiales
73000.0,33.0,-34.5843603,-58.453461,Chacarita
92000.0,37.0,,,
78500.0,35.0,-34.60315215,-58.4092647,Almagro
120000.0,55.0,-34.55319,-58.47589,Saavedra
156000.0,48.0,-34.564492,-58.4723806,Coghlan
179000.0,77.0,-34.6086026,-58.4214929,Centro / Microcentro
95000.0,35.0,-34.5582269,-58.4583569,Belgrano
150000.0,44.0,-34.597824,-58.416438,Palermo
195000.0,58.0,-34.5427503,-58.4601452,Nuñez
95000.0,43.0,-34.6105808,-58.4796249,Villa del Parque
115000.0,36.0,-34.5961791,-58.4141145,Palermo
106000.0,57.0,-34.617356,-58.461357,Caballito
205000.0,67.0,-34.5641673,-58.4741508,Coghlan
109000.0,35.0,-34.5785366,-58.4574938,Colegiales
235000.0,66.0,-34.5827599505,-58.4047213022,Palermo
87611.0,34.0,-34.5902136647,-58.4491363,Colegiales
120000.0,45.0,-34.5545156,-58.4831569,Saavedra
114803.0,34.0,,,Palermo
160000.0,45.0,-34.616571,-58.3675043,Puerto Madero
90450.0,31.0,-34.5731507,-58.482362,Villa Urquiza
330000.0,95.0,-34.5605292054,-58.4663250096,Nuñez
225208.0,88.0,,,San Telmo
135000.0,47.0,-34.5711496,-58.4232966,Palermo
75000.0,45.0,-34.6344727,-58.5241961,Liniers
82000.0,36.0,-34.5825736,-58.4520313,Chacarita
158000.0,76.0,-34.6277278,-58.4634637,Flores
99000.0,47.0,-34.6361792,-58.4394757,Caballito
173359.0,65.0,-34.5731507,-58.482362,Villa Urquiza
126024.0,49.0,,,San Telmo
97000.0,39.0,-34.595169,-58.407269,Recoleta
130000.0,47.0,-34.5963526477,-58.3760261536,Retiro
128000.0,57.0,-34.5694484,-58.4514911,Belgrano
98000.0,54.0,-34.6342368,-58.48704,Floresta
145000.0,43.0,-34.5759375,-58.4197776,Palermo
115000.0,40.0,-34.6211623743,-58.4022280693,San Cristobal
250000.0,45.0,-34.540334,-58.473485,Nuñez
93975.0,31.0,-34.595916,-58.408314,Recoleta
75000.0,54.0,-34.6238725,-58.3865046,Constitución
148975.0,50.0,-34.5773676815,-58.4324453005,Palermo
76000.0,34.0,-34.6177615,-58.383662,Centro / Microcentro
131400.0,40.0,-34.5687846,-58.4768939,Villa Urquiza
100000.0,37.0,-34.563811,-58.466804,Belgrano
155000.0,67.0,-34.546589,-58.463674,Nuñez
225000.0,67.0,,,Palermo
65000.0,36.0,-34.610315,-58.408449,Balvanera
115000.0,78.0,-34.6452033784,-58.4521270586,Flores
125400.0,57.0,-34.604689,-58.494072,Villa del Parque
152800.0,35.0,,,Palermo
220000.0,90.0,-34.5894036279,-58.3928584221,Barrio Norte
75000.0,45.0,-34.6469378,-58.4683046,Mataderos
79900.0,43.0,-34.599902,-58.376893,San Nicolás
89000.0,83.0,-34.628967,-58.384341,Constitución
179000.0,93.0,-34.602798,-58.425008,Almagro
125000.0,46.0,-34.5789278,-58.4559767,Colegiales
245000.0,88.0,-34.577539,-58.484302,Villa Urquiza
210000.0,97.0,-34.5600507604,-58.4853089188,Saavedra
205000.0,45.0,-34.5403345,-58.4734852,Nuñez
115000.0,77.0,-34.616257,-58.444176,San Telmo
85000.0,40.0,-34.6170597,-58.5090007,Villa Devoto
295000.0,90.0,-34.6065152,-58.4414368,Caballito
106000.0,58.0,-34.6361792,-58.4394757,Caballito
210000.0,76.0,-34.6211671,-58.4604855,Flores
115000.0,48.0,-34.5983544,-58.415585,Palermo
165000.0,73.0,-34.5851389,-58.4123152,Recoleta
79000.0,36.0,,,Paternal
170000.0,66.0,-34.550157,-58.474418,Saavedra
120000.0,64.0,-34.6251642417,-58.4694669995,Flores
150000.0,57.0,-34.5661089469,-58.4560875555,Belgrano
120000.0,55.0,-34.630264,-58.4411428,Parque Chacabuco
64900.0,35.0,-34.626,-58.39331,San Cristobal
94000.0,38.0,-34.553796,-58.4568112,Belgrano
84000.0,40.0,-34.598365,-58.4423446,Villa Crespo
78400.0,43.0,-34.586557,-58.477121,Villa Urquiza
259000.0,97.0,-34.543664,-58.48074,Saavedra
132900.0,60.0,-34.617228,-58.457265,Caballito
180000.0,40.0,-34.5855076,-58.3882428,Barrio Norte
89000.0,33.0,-34.6109658,-58.4179627,Almagro
112000.0,38.0,-34.626138,-58.440472,Caballito
145000.0,40.0,-34.590708,-58.415568,Palermo
180000.0,60.0,-34.5378512,-58.4707306,Nuñez
119500.0,40.0,-34.596715,-58.444045,Villa Crespo
120000.0,55.0,-34.616004,-58.470506,Villa General Mitre
89000.0,37.0,-34.584712,-58.444927,Palermo
183495.0,57.0,-34.5546524,-58.4936437,Saavedra
95000.0,47.0,-34.6105808,-58.4796249,Villa del Parque
95000.0,35.0,-34.5582269,-58.4583569,Belgrano
77000.0,32.0,-34.562326,-58.466835,Coghlan
125000.0,53.0,-34.590414,-58.449508,Chacarita
79500.0,62.0,-34.635893,-58.425656,Boedo
145000.0,40.0,-34.5566756,-58.4627538,Belgrano
127000.0,43.0,-34.575455,-58.407219,Palermo
89000.0,40.0,-34.61718,-58.45626363,Caballito
223200.0,64.0,-34.62818,-58.429483,Caballito
83000.0,31.0,-34.6177615,-58.383662,Monserrat
103000.0,57.0,-34.596877,-58.3783809,Centro / Microcentro
68000.0,32.0,-34.6339042,-58.4474354,Caballito
94000.0,36.0,-34.551479,-58.467846,Nuñez
108000.0,72.0,-34.605048,-58.396675,Balvanera
175000.0,100.0,-34.6207162,-58.3742611,San Telmo
189000.0,85.0,,,Belgrano
85000.0,33.0,-34.6197715789,-58.4242497865,Almagro
125000.0,80.0,-34.6299775,-58.5305616,Villa del Parque
115000.0,39.0,-34.5952438,-58.4041735,Barrio Norte
210000.0,98.0,-34.5967252,-58.4017476,Palermo
68000.0,34.0,-34.6270316,-58.5080285,Monte Castro
185000.0,35.0,-34.5951698271,-58.3900615127,Recoleta
58000.0,32.0,-34.6607298,-58.5152842,Mataderos
195000.0,82.0,-34.6177774,-58.4287211,Caballito
95000.0,42.0,-34.5687906,-58.4877064,Villa Urquiza
71000.0,41.0,-34.63722,-58.406162,Parque Patricios
128000.0,61.0,-34.6260310044,-58.4717979852,Flores
120000.0,60.0,-34.5796883,-58.4605225,Chacarita
74000.0,42.0,-34.6426948,-58.4815715,Floresta
91000.0,59.0,-34.619965,-58.403736,San Cristobal
125000.0,41.0,-34.6047969,-58.454126,Villa Crespo
180000.0,80.0,-34.620293,-58.5111544,Villa Devoto
102307.0,50.0,-34.6234634507,-58.3763957024,San Telmo
235000.0,98.0,-34.6011464,-58.3982014,Centro / Microcentro
148000.0,83.0,-34.592985,-58.44606,Villa Crespo
115000.0,80.0,-34.577574,-58.470268,Villa Urquiza
84000.0,31.0,-34.5816538,-58.4684523,Villa Ortuzar
70000.0,38.0,-34.609502,-58.411796,Balvanera
81500.0,40.0,-34.6084175,-58.3731613,Monserrat
132000.0,50.0,,,Caballito
160000.0,90.0,-34.6267409,-58.4015462,Parque Patricios
129500.0,46.0,-34.6050835,-58.4608111,Villa General Mitre
266118.0,73.0,-34.596748,-58.4154726,Palermo
265000.0,52.0,-34.5776851,-58.4243307,Palermo
95000.0,50.0,-34.6406992,-58.5002395,Villa Luro
72000.0,32.0,,,
104000.0,40.0,-34.6013646,-58.4348718,Villa Crespo
160000.0,65.0,-34.5787581,-58.4948192,Villa Urquiza
118000.0,60.0,-34.6017067,-58.4351909,Villa Crespo
115828.0,43.0,-34.6296029924,-58.4412987828,Caballito
88000.0,39.0,,,
148500.0,57.0,-34.5710375,-58.4999325,Villa Urquiza
100000.0,36.0,-34.5861006,-58.4317214,Palermo
88000.0,34.0,-34.5965305,-58.3799393,Barrio Norte
105000.0,44.0,-34.620043,-58.462678,Flores
82000.0,35.0,-34.6177615,-58.383662,Balvanera
68000.0,31.0,-34.630993,-58.504757,Villa Luro
67500.0,62.0,-34.6036844,-58.3815591,Villa Crespo
76000.0,36.0,-34.6105529,-58.4117165,Once
130000.0,62.0,,,Palermo
155000.0,85.0,-34.6032414,-58.4343186,Caballito
89500.0,45.0,-34.6013748,-58.5031397,Villa Devoto
105000.0,36.0,-34.5609606,-58.4506623,Belgrano
120000.0,38.0,-34.553796,-58.4568112,Belgrano
125000.0,90.0,-34.6287677,-58.4674841,Flores
179000.0,87.0,-34.6019981014,-58.4031081873,Balvanera
152860.0,54.0,-34.5671066,-58.4723916,Villa Urquiza
96000.0,33.0,-34.6083190907,-58.442293686,Caballito
92000.0,43.0,-34.579058,-58.470676,Villa Urquiza
90000.0,58.0,-34.6064525,-58.4043404,Once
260000.0,82.0,-34.5930729,-58.3968738,Barrio Norte
169000.0,70.0,-34.5944874,-58.4076663,Palermo
186000.0,68.0,-34.590612,-58.403835,Barrio Norte
146333.0,60.0,-34.584261,-58.453621,Chacarita
255000.0,74.0,-34.6272176444,-58.4288505837,Caballito
105000.0,45.0,-34.632603,-58.481327,Floresta
174000.0,35.0,-34.5818399,-58.4131696,Palermo
138000.0,74.0,-34.6038236,-58.4272911,Almagro
69600.0,31.0,-34.600934,-58.484409,Villa del Parque
120000.0,41.0,-34.598681,-58.4824163,Agronomía
152500.0,60.0,-34.597982,-58.426876,Almagro
103744.0,38.0,-34.5578146,-58.4696832,Villa Urquiza
189000.0,67.0,-34.6197675,-58.4298666,Caballito
80000.0,46.0,-34.618747,-58.468723,Flores
94000.0,43.0,-34.550724,-58.458947,Nuñez
145000.0,73.0,-34.5731230448,-58.4798155384,Villa Urquiza
195000.0,85.0,-34.6206994,-58.511692,Villa Devoto
119636.0,47.0,-34.6244303,-58.3741828,San Telmo
70000.0,33.0,-34.615674,-58.503678,Monte Castro
165600.0,56.0,-34.5719003943,-58.4744939153,Villa Urquiza
179900.0,88.0,-34.600503,-58.491211,Villa del Parque
120000.0,40.0,-34.6067823,-58.4276217,Almagro
138000.0,66.0,-34.6166442,-58.4109634,Boedo
135000.0,33.0,-34.5559559199,-58.4560695115,Belgrano
67500.0,40.0,-34.625757,-58.485417,Floresta
117000.0,61.0,-34.629394,-58.506856,Monte Castro
119000.0,81.0,-34.630913,-58.464507,Flores
90000.0,43.0,-34.594754045,-58.4423610687,Villa Crespo
157000.0,82.0,-34.595416,-58.378494,Retiro
95000.0,40.0,-34.6276254,-58.3606476,Boca
96000.0,46.0,-34.614233,-58.393045,Congreso
155000.0,80.0,-34.6239122,-58.4030675,San Cristobal
188000.0,90.0,-34.6014272,-58.4305915,Almagro
198000.0,62.0,-34.57741,-58.484275,Villa Urquiza
315000.0,100.0,-34.6015609,-58.4333731,Villa Crespo
168000.0,64.0,-34.598701,-58.429799,Villa Crespo
89000.0,39.0,-34.5781599,-58.4914843,Villa Urquiza
127000.0,47.0,-34.5811121,-58.424293,Palermo
91030.0,39.0,-34.629478,-58.45214,Caballito
109000.0,45.0,-34.6037137392,-58.3815808896,Belgrano
135000.0,48.0,-34.597732,-58.3798429,San Nicolás
165000.0,86.0,-34.637834,-58.503098,Villa Luro
230000.0,70.0,-34.6344201,-58.375379,Barracas
247000.0,86.0,-34.570833,-58.4803271,Villa Urquiza
115000.0,80.0,-34.6066983311,-58.4006957694,Congreso
230000.0,68.0,-34.5632564,-58.4402005,Belgrano
85000.0,42.0,-34.632484,-58.370397,Barracas
69500.0,33.0,-34.584596,-58.4974124,Villa Pueyrredón
93000.0,32.0,-34.6206995354,-58.4294500332,Caballito
120000.0,39.0,-34.5861553,-58.4300609,Palermo
142000.0,51.0,-34.557199,-58.480847,Saavedra
89000.0,54.0,-34.5459457,-58.4868112,Saavedra
205500.0,70.0,-34.597713,-58.445377,Villa Crespo
80000.0,42.0,-34.6128944,-58.3939786,Balvanera
107000.0,41.0,-34.5998526,-58.4369419,Villa Crespo
185000.0,90.0,-34.5877227,-58.499124,Villa Pueyrredón
159000.0,65.0,-34.6220834,-58.4422329,Caballito
75430.0,34.0,-34.593335,-58.442214,Villa Crespo
115000.0,78.0,-34.6166811,-58.3869394,Monserrat
84000.0,40.0,-34.609475,-58.430443,Caballito
85000.0,34.0,-34.5849804,-58.4542085,Colegiales
222000.0,81.0,-34.6223398871,-58.4085322312,San Cristobal
174000.0,73.0,-34.5895085,-58.4021242,Barrio Norte
160650.0,58.0,-34.579394,-58.455398,Colegiales
79000.0,40.0,,,Floresta
99000.0,42.0,-34.581638,-58.442073,Palermo
115000.0,37.0,-34.637653,-58.411804,Parque Patricios
149000.0,60.0,-34.5927962008,-58.3969712511,Barrio Norte
130000.0,68.0,-34.602531,-58.428072,Almagro
178000.0,80.0,-34.6097654237,-58.4196625106,Almagro
85000.0,51.0,-34.628897,-58.365566,Boca
156000.0,75.0,-34.6242083,-58.4651784,Flores
67500.0,39.0,-34.632207,-58.485145,Floresta
180000.0,70.0,-34.6429682,-58.5109384,Liniers
142000.0,48.0,-34.5440514,-58.4612719,Nuñez
168000.0,60.0,-34.569977,-58.432374,Palermo
141103.0,52.0,-34.54179,-58.476815,Nuñez
89000.0,39.0,-34.622479,-58.385672,Monserrat
117000.0,55.0,-34.6086601,-58.4013883,Balvanera
145000.0,51.0,-34.600373426,-58.4375389834,Villa Crespo
199000.0,45.0,-34.5403345,-58.4734852,Nuñez
78000.0,60.0,-34.577168,-58.538654,Liniers
115000.0,50.0,-34.5987445,-58.4370978,Villa Crespo
152000.0,50.0,-34.5749723,-58.4380279,Palermo
122000.0,47.0,-34.620698,-58.4284928,Caballito
145000.0,70.0,-34.6174762,-58.4054487,Balvanera
220000.0,85.0,-34.5665441,-58.4595347,Belgrano
76000.0,40.0,,,
122000.0,61.0,-34.56665,-58.480675,Villa Urquiza
115000.0,38.0,-34.591630928,-58.4258539946,Palermo
380000.0,96.0,-34.5951698271,-58.3900615127,Recoleta
88200.0,46.0,-34.601799,-58.490956,Villa del Parque
119000.0,54.0,-34.6096454,-58.4186777,Balvanera
74500.0,34.0,-34.639052,-58.521252,Liniers
110000.0,62.0,-34.6213332231,-58.4464958173,Caballito
63800.0,31.0,-34.617228,-58.457265,Caballito
148000.0,41.0,-34.5818815,-58.4512131,Colegiales
115000.0,80.0,-34.6070025567,-58.4006562,Balvanera
280000.0,45.0,-34.5951698271,-58.3900615127,Recoleta
200000.0,68.0,-34.574731,-58.478951,Villa Urquiza
84000.0,40.0,-34.588682,-58.5082247,Villa Devoto
250000.0,44.0,-34.6,-58.383333,Puerto Madero
75000.0,40.0,,,San Nicolás
126000.0,53.0,-34.5994381313,-58.4851559433,Villa Devoto
85000.0,38.0,-34.6042659,-58.4920563,Villa del Parque
178000.0,39.0,-34.6037137392,-58.3815808896,Palermo
186000.0,98.0,-34.618212,-58.444056,Caballito
220500.0,41.0,-34.5548659672,-58.4375619734,Belgrano
112447.0,64.0,-34.631255,-58.370463,Barracas
183000.0,67.0,-34.5571913,-58.4485031,Belgrano
116800.0,54.0,-34.6085594,-58.4174624,Almagro
70000.0,38.0,-34.637834,-58.503098,Villa Luro
158900.0,98.0,-34.615027,-58.480843,Villa del Parque
320000.0,92.0,-34.5880620424,-58.3863772719,Recoleta
145000.0,79.0,-34.6229760027,-58.3958652864,Monserrat
121163.0,50.0,,,San Telmo
155000.0,82.0,-34.620742,-58.442073,Caballito
134000.0,47.0,-34.5711496,-58.4232966,Palermo
220000.0,70.0,-34.5427503,-58.4601452,Nuñez
95000.0,31.0,-34.5725604,-58.439981,Belgrano
70000.0,47.0,-34.6116786304,-58.3953957244,Congreso
114000.0,77.0,-34.6142256,-58.4073765,San Cristobal
145000.0,83.0,-34.6072054817,-58.3974099947,Balvanera
179000.0,95.0,-34.620989,-58.4307,Caballito
85000.0,38.0,-34.5490932,-58.4548297,Nuñez
280000.0,98.0,-34.589305,-58.409371,Recoleta
118000.0,47.0,-34.620698,-58.4284928,Caballito
85000.0,52.0,-34.6265766,-58.4684382,Flores
110070.0,39.0,-34.6244303,-58.3741828,San Telmo
160000.0,64.0,-34.5625,-58.458333,Palermo
180000.0,62.0,-34.5572502707,-58.457979453,Belgrano
65000.0,33.0,-34.6516152,-58.5054498,Mataderos
170000.0,50.0,-34.601317,-58.3801021,San Nicolás
95000.0,57.0,-34.5821605,-58.4754791,Villa Urquiza
189000.0,88.0,-34.6004803,-58.4370009,Villa Crespo
148000.0,45.0,-34.5496717,-58.4758568,Saavedra
73000.0,39.0,-34.610012,-58.404874,Balvanera
215000.0,91.0,-34.573473,-58.478189,Villa Urquiza
139000.0,68.0,-34.641849,-58.374065,Barracas
233200.0,78.0,-34.597769,-58.42644,Villa Crespo
189000.0,89.0,-34.619663,-58.440437,Caballito
102000.0,55.0,-34.6346399309,-58.4687540477,Flores
120000.0,73.0,-34.6008733,-58.3781796,San Nicolás
205000.0,76.0,-34.5998903,-58.4297696,Almagro
105000.0,54.0,-34.553278,-58.475783,Saavedra
117000.0,63.0,-34.6358692,-58.4340437,Parque Chacabuco
149500.0,60.0,-34.554763,-58.453853,Belgrano
190000.0,40.0,-34.5680472,-58.452962,Belgrano
74900.0,45.0,-34.6147339,-58.4054622,Balvanera
260000.0,70.0,-34.5683715,-58.445759,Belgrano
89000.0,38.0,-34.61601,-58.411101,Balvanera
143500.0,42.0,-34.5546333,-58.4673952,Belgrano
129000.0,64.0,-34.60115,-58.396709,Balvanera
79900.0,45.0,-34.63585,-58.491693,Villa Luro
235000.0,100.0,-34.595688,-58.4031864,Recoleta
91000.0,44.0,-34.6017707,-58.384459,Tribunales
330000.0,65.0,-34.5995138075,-58.3639472164,Puerto Madero
297000.0,90.0,-34.5831055,-58.4061427,Barrio Norte
169000.0,90.0,-34.5995057,-58.4392422,Villa Crespo
79000.0,38.0,-34.58173,-58.4739527,Villa Urquiza
65000.0,31.0,-34.6291826,-58.3672053,Boca
95000.0,46.0,-34.598843,-58.415723,Palermo
104000.0,42.0,-34.5567044,-58.487508,Saavedra
81900.0,34.0,-34.6496586,-58.4606052,Flores
60000.0,35.0,-34.6332178,-58.4764337,Floresta
75020.0,32.0,-34.5907409831,-58.4487530794,Chacarita
90400.0,36.0,-34.586418,-58.504636,Villa Pueyrredón
203300.0,97.0,-34.60657368,-58.45136118,Villa Crespo
82000.0,38.0,-34.6046683,-58.4579128,Paternal
143000.0,50.0,-34.5978249,-58.4164389,Palermo
149900.0,62.0,-34.5653308,-58.4403245,Belgrano
99500.0,36.0,-34.594747,-58.413585,Barrio Norte
140000.0,63.0,-34.605715,-58.379138,San Nicolás
119000.0,45.0,-34.598103263,-58.4021791068,Barrio Norte
249700.0,72.0,-34.597769,-58.42644,Villa Crespo
90000.0,31.0,-34.6040968,-58.4168303,Almagro
125000.0,60.0,-34.629978,-58.45496,Flores
106000.0,42.0,-34.620947,-58.449528,Caballito
183750.0,55.0,-34.567667,-58.434034,Palermo
97000.0,40.0,-34.5996305,-58.3929071,Barrio Norte
104000.0,48.0,-34.629235,-58.433039,Caballito
105000.0,46.0,-34.627526,-58.426283,Caballito
152400.0,56.0,-34.5719003943,-58.4744939153,Villa Urquiza
105500.0,46.0,-34.60808733,-58.43089266,Parque Centenario
106000.0,44.0,-34.5762785,-58.4711259,Villa Urquiza
140000.0,65.0,-34.6002406,-58.4412637,Villa Crespo
82000.0,75.0,-34.5802568,-58.4988614,Villa Pueyrredón
103000.0,55.0,-34.604641,-58.392341,San Nicolás
260000.0,100.0,-34.5604752,-58.453972,Belgrano
170000.0,68.0,-34.5954863188,-58.384663805,Recoleta
75900.0,37.0,-34.588279,-58.483862,Villa Urquiza
97000.0,43.0,-34.6214400437,-58.4713688318,Flores
112000.0,56.0,-34.6450289,-58.3700948,Barracas
69000.0,35.0,-34.6151641,-58.3793518,Monserrat
145000.0,72.0,-34.614818,-58.473358,Villa del Parque
398000.0,84.0,-34.577384,-58.424845,Palermo
85000.0,37.0,-34.5719904,-58.4467769,Belgrano
190000.0,94.0,,,Colegiales
65000.0,56.0,,,Constitución
130000.0,100.0,-34.6104267,-58.4097715,Balvanera
72700.0,34.0,-34.6195076,-58.4780504,Flores
232300.0,67.0,-34.597769,-58.42644,Villa Crespo
121000.0,59.0,-34.6213780165,-58.4469826183,Caballito
89000.0,34.0,-34.5607997,-58.4661541,Villa Urquiza
85000.0,34.0,-34.6396631,-58.5196472,Liniers
125000.0,36.0,-34.5988663,-58.4917509,Villa del Parque
85000.0,43.0,-34.603103,-58.391606,Barrio Norte
117000.0,49.0,-34.6036844,-58.3815591,Congreso
58000.0,37.0,-34.632992,-58.358145,Boca
149000.0,61.0,-34.6434048,-58.4970853,Villa Luro
210000.0,68.0,-34.597193,-58.414403,Palermo
98000.0,52.0,-34.637834,-58.503098,Villa Luro
188100.0,54.0,-34.6153103,-58.3619834,Puerto Madero
132500.0,53.0,-34.6182229,-58.3951572,San Cristobal
160000.0,66.0,-34.6268373,-58.4507966,Caballito
145000.0,64.0,-34.6181025,-58.4685627,Flores
170000.0,61.0,-34.5574843235,-58.4806254921,Saavedra
299000.0,85.0,-34.567353,-58.447233,Belgrano
141000.0,47.0,-34.5941033,-58.4411205,Villa Crespo
170000.0,85.0,-34.623105,-58.465165,Flores
118000.0,65.0,-34.6219077,-58.4409411,Caballito
75000.0,45.0,-34.625227,-58.457758,Flores
86400.0,39.0,-34.6172731,-58.5010499,Floresta
220000.0,78.0,-34.584895,-58.406914,Barrio Norte
86000.0,39.0,-34.580784,-58.490679,Villa Urquiza
88000.0,40.0,-34.6087862,-58.4304906,Caballito
125000.0,58.0,-34.5386951276,-58.471446118,Nuñez
350000.0,71.0,-34.5429966813,-58.4617413958,Nuñez
78000.0,37.0,-34.599574,-58.430813,Villa Crespo
85000.0,37.0,-34.6133691,-58.3853589,Monserrat
72498.0,33.0,-34.6212158,-58.4035735,San Cristobal
148000.0,45.0,-34.5496717,-58.4758568,Nuñez
315000.0,55.0,-34.6156252,-58.3629671,Puerto Madero
115000.0,33.0,-34.5980676,-58.4172937,Almagro
210000.0,70.0,-34.6147977,-58.4395865,Caballito
167000.0,80.0,-34.6240525,-58.4484465,Caballito
190000.0,63.0,-34.6269408,-58.3725301,San Telmo
185000.0,99.0,-34.6016002807,-58.399755206,Once
179500.0,89.0,-34.6035677,-58.3984869,Balvanera
315500.0,93.0,-34.62818,-58.429483,Caballito
54900.0,33.0,-34.605488,-58.39014,Congreso
73600.0,31.0,-34.6227163,-58.3915063,Boedo
72000.0,40.0,,,
70000.0,37.0,-34.6064281,-58.3863261,Balvanera
148000.0,64.0,-34.5979054,-58.4264208,Villa Crespo
115228.0,38.0,-34.6233348,-58.3748384,San Telmo
96900.0,36.0,,,Almagro
239000.0,85.0,-34.579971,-58.44106,Palermo
90000.0,55.0,-34.6032175,-58.4337376,Almagro
140000.0,70.0,-34.6119745,-58.5277923,Villa Devoto
110327.0,39.0,-34.6244303,-58.3741828,San Telmo
108953.0,37.0,-34.5562175374,-58.4619649873,Belgrano
99000.0,36.0,-34.6140768,-58.3790352,San Telmo
72000.0,38.0,,,
110000.0,52.0,-34.6086632,-58.41894,Almagro
119800.0,35.0,-34.5693552928,-58.4333607078,Palermo
89000.0,51.0,-34.611669,-58.411528,Balvanera
115000.0,42.0,-34.5768523,-58.4467259,Colegiales
168000.0,81.0,-34.6002732,-58.4375778,Villa Crespo
185000.0,83.0,-34.5794638,-58.4277985,Palermo
119000.0,80.0,-34.6062334762,-58.4649652387,Caballito
87000.0,40.0,-34.608967,-58.4215078,Almagro
306499.0,75.0,-34.5525338,-58.4512771,Belgrano
230000.0,100.0,-34.5685183,-58.4564501,Belgrano
108000.0,52.0,-34.61812,-58.429212,Caballito
160000.0,65.0,-34.6200387,-58.3757144,San Telmo
140000.0,58.0,-34.553526,-58.45233,Belgrano
149500.0,72.0,-34.622607,-58.457926,Flores
140000.0,41.0,-34.576611,-58.429577,Palermo
118000.0,33.0,,,Almagro
97000.0,44.0,-34.6017707,-58.384459,Tribunales
119900.0,39.0,-34.6020746,-58.4321668,Villa Crespo
140000.0,83.0,-34.5792233,-58.4257272,Palermo
67600.0,35.0,-34.63099,-58.4201892,Boedo
230000.0,75.0,-34.5915338,-58.4112741,Barrio Norte
194900.0,81.0,-34.5720770798,-58.4746012037,Villa Urquiza
85000.0,43.0,-34.6054401,-58.3865184,Centro / Microcentro
73150.0,36.0,-34.6100367846,-58.4787115886,Villa Santa Rita
190000.0,87.0,-34.5924449,-58.4110791,Barrio Norte
118500.0,59.0,-34.6092021271,-58.3908891503,Congreso
131855.0,52.0,-34.5869116,-58.4711275,Agronomía
99000.0,39.0,-34.5389,-58.4648,Nuñez
85000.0,90.0,-34.5825189,-58.4967282,Villa Pueyrredón
189000.0,95.0,-34.5981723,-58.3850874,San Nicolás
101000.0,37.0,-34.62818,-58.429483,Caballito
88000.0,39.0,-34.589782,-58.517955,Villa Devoto
150672.0,42.0,-34.544171,-58.478875,Saavedra
71999.0,37.0,-34.6012077769,-58.4282810085,Almagro
175000.0,80.0,-34.5939617061,-58.4065009958,Barrio Norte
72500.0,38.0,-34.558944,-58.4442167,Belgrano
100000.0,52.0,-34.637834,-58.503098,Villa Luro
145000.0,50.0,-34.5864342,-58.4219108,Palermo
210000.0,67.0,-34.5895459,-58.3973636,Recoleta
128000.0,47.0,-34.5711496,-58.4232966,Palermo
178823.0,78.0,-34.5788019,-58.4563376,Colegiales
156000.0,70.0,-34.6015602,-58.4343171,Villa Crespo
140000.0,42.0,-34.5501770736,-58.4620710128,Nuñez
364770.0,75.0,-34.590556,-58.390556,Palermo
65000.0,38.0,-34.6079605,-58.5004356,Villa del Parque
89000.0,39.0,-34.622479,-58.385672,Monserrat
99000.0,74.0,-34.6067667491,-58.4035158831,Balvanera
150000.0,50.0,-34.6405283,-58.5294588,Villa Luro
141000.0,61.0,-34.617577,-58.479536,Villa Santa Rita
233200.0,78.0,-34.597769,-58.42644,Villa Crespo
79000.0,37.0,-34.595311,-58.441558,Villa Crespo
104000.0,57.0,-34.6069625,-58.4164978,Almagro
126600.0,41.0,-34.5567851,-58.4597119,Belgrano
168000.0,58.0,-34.6033611,-58.4095472,Abasto
77000.0,40.0,-34.6366095,-58.3766021,Barracas
120000.0,45.0,-34.5641129,-58.4577286,Belgrano
222500.0,68.0,-34.5729888,-58.450675,Colegiales
129500.0,43.0,-34.5429613909,-58.4751603228,Nuñez
106250.0,39.0,-34.6371994,-58.4391556,Caballito
132800.0,42.0,-34.597769,-58.42644,Villa Crespo
85000.0,83.0,-34.646872,-58.43555,Parque Chacabuco
140000.0,55.0,-34.5637396,-58.4607817,Belgrano
285000.0,96.0,-34.595987,-58.409749,Recoleta
118500.0,66.0,-34.550453,-58.487319,Saavedra
95000.0,41.0,-34.5534586,-58.4663476,Nuñez
89500.0,40.0,-34.6202466,-58.4165902,Almagro
73000.0,36.0,-34.6057838,-58.459192,Villa Crespo
149000.0,46.0,-34.6285621,-58.4525066,Caballito
83420.0,38.0,-34.6256447,-58.4611155,Flores
112000.0,41.0,-34.5774559,-58.4247302,Palermo
121600.0,34.0,-34.5824698,-58.4232882,Palermo
149000.0,75.0,-34.631489,-58.376469,Barracas
248400.0,95.0,-34.579157,-58.435872,Palermo
86000.0,32.0,-34.6738382,-58.5115799,Palermo
55000.0,35.0,-34.6186349,-58.478887,Flores
229000.0,60.0,-34.575508,-58.4381403,Palermo
135000.0,40.0,-34.6033487,-58.4052515,Balvanera
229700.0,70.0,-34.5792764,-58.4548802,Colegiales
290000.0,55.0,-34.6148839,-58.363056,Puerto Madero
158000.0,42.0,-34.5632512,-58.4612074,Belgrano
118800.0,42.0,-34.5688712,-58.4884216,Villa Urquiza
100000.0,33.0,-34.6082056994,-58.3953349255,Congreso
210000.0,65.0,-34.565358,-58.473021,Coghlan
93975.0,31.0,-34.595916,-58.408314,Recoleta
77000.0,34.0,-34.6177615,-58.383662,Centro / Microcentro
66950.0,33.0,-34.611478,-58.499837,Villa del Parque
89000.0,43.0,-34.603367,-58.4095145,Abasto
100000.0,41.0,-34.5842781,-58.4760693,Villa Urquiza
125000.0,46.0,-34.5982429811,-58.4008160058,Barrio Norte
135000.0,62.0,-34.6040528,-58.4110436,Villa Crespo
120000.0,61.0,-34.63229,-58.521552,Versalles
82000.0,44.0,,,
74500.0,42.0,-34.623585,-58.40817,San Cristobal
164000.0,50.0,-34.5567851,-58.4597119,Belgrano
98000.0,43.0,-34.6440472,-58.4936492,Villa Luro
121163.0,47.0,-34.6244303,-58.3741828,San Telmo
68000.0,42.0,-34.5998822,-58.3754106,Retiro
225000.0,61.0,-34.565341,-58.456719,Belgrano
96492.0,38.0,-34.54179,-58.476815,Nuñez
310000.0,68.0,-34.5821686,-58.426972,Palermo
91431.0,31.0,-34.562909,-58.465303,Belgrano
67000.0,32.0,-34.636497,-58.477391,Flores
108300.0,37.0,-34.62818,-58.429483,Caballito
110000.0,50.0,-34.685943,-58.5439579,Almagro
103586.0,36.0,-34.572721,-58.483565,Villa Urquiza
155000.0,55.0,-34.622497911,-58.4633089312,Flores
115000.0,59.0,-34.594604,-58.443189,Villa Crespo
136500.0,80.0,-34.599373,-58.415605,Almagro
85000.0,32.0,-34.61098,-58.417856,Almagro
147500.0,71.0,-34.594785,-58.50845,Villa Devoto
147000.0,50.0,-34.6259903,-58.4514173,Caballito
106000.0,60.0,,,Floresta
81900.0,60.0,-34.6158828,-58.4244433,Boedo
270000.0,52.0,-34.5773597,-58.4248985,Palermo
81500.0,43.0,,,
135000.0,47.0,-34.5925561,-58.4309181,Palermo
240000.0,86.0,-34.5742891,-58.4817229,Villa Urquiza
120500.0,66.0,-34.6421604,-58.423024,Parque Chacabuco
199000.0,100.0,-34.5624316,-58.4659869,Belgrano
125000.0,45.0,-34.60808733,-58.43089266,Villa Crespo
165000.0,40.0,-34.5947222,-58.3758333,Recoleta
182000.0,91.0,-34.619628,-58.375632,San Telmo
105000.0,43.0,-34.632467,-58.370216,Barracas
68458.0,34.0,-34.63099,-58.4201892,Boedo
215000.0,100.0,-34.555256,-58.4630832,Belgrano
87000.0,44.0,,,
95000.0,42.0,-34.6106110157,-58.4795902886,Villa del Parque
175000.0,70.0,-34.6234285,-58.397787,San Cristobal
106000.0,48.0,-34.629235,-58.433039,Caballito
135000.0,40.0,-34.5897986,-58.4395131,Palermo
175000.0,56.0,-34.5546128,-58.4650261,Nuñez
132000.0,45.0,-34.5836102,-58.4743169,Villa Urquiza
170800.0,66.0,-34.625307,-58.415024,Boedo
114803.0,34.0,-34.5777784,-58.4351583,Palermo
96000.0,35.0,-34.5538454266,-58.4919050998,Saavedra
128000.0,50.0,-34.5853821,-58.4435057,Chacarita
145000.0,60.0,-34.5957216,-58.4307706,Palermo
75000.0,43.0,-34.6402157439,-58.5213071957,Liniers
185375.0,71.0,-34.61098,-58.417856,Almagro
109000.0,49.0,-34.568161,-58.449208,Belgrano
178000.0,56.0,-34.5900679,-58.4202066,Palermo
260000.0,84.0,-34.5706286,-58.4799629,Villa Urquiza
155000.0,70.0,-34.5941971,-58.5046975,Villa Devoto
185000.0,57.0,-34.5574837,-58.4806697,Saavedra
96000.0,39.0,-34.58209,-58.407881,Barrio Norte
75000.0,78.0,-34.6639795,-58.4711122,Villa Lugano
145000.0,83.0,-34.6021987,-58.3978235,Balvanera
90000.0,52.0,-34.6121938,-58.4206924,Almagro
176900.0,44.0,-34.5830240287,-58.4203850634,Palermo
94000.0,55.0,-34.6033089,-58.3971897,Balvanera
99000.0,37.0,-34.5767841,-58.4465748,Colegiales
75000.0,48.0,-34.5816693,-58.4672982,Villa Ortuzar
125000.0,41.0,-34.6008509,-58.4191806,Almagro
112500.0,37.0,-34.597769,-58.42644,Villa Crespo
90000.0,45.0,-34.594541,-58.502341,Agronomía
65000.0,38.0,-34.6303805,-58.4868662,Flores
220000.0,86.0,-34.5622468968,-58.4826341096,Villa Urquiza
187050.0,60.0,-34.59567,-58.4250069,Palermo
85000.0,42.0,-34.62385,-58.377764,San Telmo
89000.0,40.0,-34.5941768447,-58.3813189524,Retiro
139000.0,59.0,-34.555441,-58.450287,Belgrano
119000.0,43.0,-34.5786734,-58.4748269,Villa Urquiza
78500.0,37.0,-34.605643,-58.455291,Villa Crespo
36320.0,45.0,-34.5413289,-58.473409,Saavedra
58720.0,37.0,-34.624976264,-58.3793056213,Constitución
110000.0,47.0,-34.5963761,-58.3883233,Recoleta
137000.0,74.0,-34.6349102655,-58.4732609116,Floresta
147000.0,63.0,-34.5977705,-58.4852801,Agronomía
63000.0,33.0,-34.6481436,-58.5009651,Parque Avellaneda
210000.0,60.0,-34.5765918,-58.4440454,Colegiales
78000.0,52.0,-34.6212975,-58.3876468,San Cristobal
79500.0,48.0,-34.632219,-58.475246,Floresta
126446.0,47.0,,,San Telmo
138000.0,50.0,-34.5504713308,-58.4668325353,Nuñez
117000.0,43.0,-34.578016,-58.482542,Villa Urquiza
260000.0,52.0,-34.5851491,-58.3925056,Puerto Madero
214000.0,58.0,-34.5833867,-58.4516194,Colegiales
196000.0,43.0,-34.579799,-58.4296297,Palermo
105000.0,42.0,-34.5512468,-58.4600858,Nuñez
135000.0,60.0,,,
260000.0,101.0,-34.585948,-58.400831,Recoleta
109539.0,47.0,-34.6244303,-58.3741828,San Telmo
82000.0,33.0,-34.605767,-58.430851,Villa Crespo
95000.0,57.0,-34.607432,-58.395974,Balvanera
109000.0,55.0,-34.60045777,-58.41958444,Palermo
76000.0,46.0,-34.608787,-58.399694,Balvanera
235000.0,74.0,-34.609251,-58.431375,Caballito
181000.0,50.0,-34.570737,-58.433704,Palermo
158000.0,49.0,-34.588664,-58.422206,Palermo
135200.0,50.0,-34.585454,-58.441515,Palermo
92000.0,100.0,-34.607586,-58.404093,Balvanera
110000.0,50.0,-34.6059366787,-58.4279429913,Almagro
90000.0,31.0,-34.5404643,-58.4690629,Nuñez
88650.0,31.0,-34.6240306,-58.4306873,Caballito
109500.0,37.0,-34.5461486,-58.4701644,Nuñez
150000.0,84.0,-34.6304929847,-58.4714369005,Flores
70000.0,35.0,-34.6010089,-58.3970827,Barrio Norte
130000.0,57.0,-34.6294067,-58.4127411,Boedo
94900.0,38.0,-34.600945,-58.386948,Tribunales
108000.0,41.0,-34.581096,-58.441723,Palermo
71600.0,35.0,-34.63099,-58.4201892,Boedo
63700.0,39.0,-34.628765,-58.387796,Constitución
76000.0,35.0,-34.6159959,-58.4056751,Balvanera
100000.0,40.0,-34.555915,-58.4634022,Belgrano
215000.0,77.0,-34.57928,-58.481988,Villa Urquiza
135000.0,51.0,-34.585047,-58.441708,Palermo
92000.0,68.0,-34.621464,-58.391103,Constitución
99000.0,36.0,-34.6150121,-58.3790009,Monserrat
140000.0,55.0,-34.6021678,-58.386716,San Nicolás
180000.0,85.0,-34.5709974,-58.5032515,Villa Urquiza
165000.0,59.0,-34.5756938,-58.4225127,Palermo
85000.0,44.0,-34.597894,-58.4435135,Villa Crespo
287600.0,72.0,-34.56758,-58.4344,Palermo
196700.0,66.0,-34.5537202,-58.436904,Belgrano
150000.0,50.0,-34.6068708,-58.4315804,Parque Centenario
125000.0,45.0,-34.5872916,-58.4208279,Palermo
159000.0,100.0,-34.6143519,-58.4155753,Boedo
115000.0,45.0,-34.597982,-58.426876,Almagro
180000.0,56.0,-34.5739529,-58.4228465,Palermo
101500.0,40.0,-34.58233,-58.4735425,Villa Urquiza
125000.0,61.0,-34.5811196,-58.5002899,Villa Pueyrredón
80000.0,54.0,-34.6065094803,-58.398132365,Once
110000.0,40.0,-34.6028353,-58.3983939,Once
115000.0,45.0,-34.5676615882,-58.457434391,Villa Santa Rita
93225.0,33.0,-34.596748,-58.4154726,Palermo
95000.0,43.0,-34.567662,-58.486297,Villa Urquiza
115000.0,55.0,-34.6021221,-58.443713,Villa Crespo
79000.0,50.0,-34.600415,-58.423576,Almagro
115000.0,57.0,-34.634108,-58.462822,Flores
70000.0,46.0,,,Villa Lugano
170000.0,67.0,-34.5699332591,-58.4489670221,Villa Urquiza
62000.0,33.0,-34.617862,-58.465939,Flores
190000.0,92.0,-34.547711,-58.469453,Nuñez
66000.0,32.0,-34.609418,-58.4032931,Congreso
210000.0,80.0,-34.6213159,-58.4604044,Caballito
175000.0,42.0,-34.5570247,-58.455372,Belgrano
128000.0,45.0,-34.5978249,-58.416439,Barrio Norte
120000.0,40.0,-34.6256305,-58.4574601,Flores
175600.0,58.0,-34.5719003943,-58.4744939153,Villa Urquiza
135000.0,42.0,-34.5800393025,-58.4405126993,Palermo
69900.0,34.0,-34.6182787,-58.5005212,Floresta
84000.0,55.0,-34.6114708,-58.4087069,Once
108000.0,61.0,-34.6141156894,-58.3982495948,Congreso
128000.0,32.0,-34.557143701,-58.4578810064,Belgrano
89000.0,36.0,-34.5568969,-58.486194,Saavedra
82900.0,31.0,,,Congreso
168000.0,43.0,-34.5525378183,-58.4594991595,Belgrano
152000.0,61.0,-34.6261358,-58.4363441,Caballito
140000.0,40.0,-34.550661,-58.473787,Nuñez
62700.0,38.0,-34.624976264,-58.3793056213,Constitución
145000.0,53.0,-34.6168693,-58.3917135,Monserrat
130000.0,60.0,-34.5634809,-58.4639207,Belgrano
240000.0,91.0,-34.6166871,-58.4443684,Caballito
115000.0,64.0,-34.555527,-58.450546,Belgrano
85000.0,54.0,-34.632413,-58.370082,Barracas
89500.0,80.0,-34.611905564,-58.3890692852,Congreso
75000.0,44.0,-34.6341171,-58.3610926,Boca
87500.0,59.0,-34.616712,-58.388236,Monserrat
105000.0,36.0,-34.587405,-58.39999,Barrio Norte
320000.0,75.0,-34.5608098,-58.4425707,Belgrano
75000.0,43.0,-34.601377,-58.397146,Balvanera
70000.0,36.0,-34.596421,-58.49823,Villa Devoto
75000.0,32.0,-34.5987408,-58.4182044,Once
68500.0,36.0,-34.609502,-58.411796,Balvanera
157000.0,75.0,-34.6040046,-58.3868697,Centro / Microcentro
138000.0,74.0,-34.6038236,-58.4272911,Parque Centenario
175000.0,54.0,-34.5735447,-58.4409543,Belgrano
129000.0,58.0,-34.57991,-58.475457,Villa Urquiza
190000.0,62.0,-34.5703149,-58.4830019,Villa Urquiza
108000.0,45.0,-34.610039,-58.447216,Caballito
180000.0,49.0,-34.549608,-58.474142,Nuñez
195390.0,69.0,-34.5546524,-58.4936437,Saavedra
89000.0,46.0,-34.62385,-58.377764,San Telmo
65000.0,45.0,-34.6234611,-58.3843783,Constitución
148000.0,74.0,-34.6118423,-58.4116076,Almagro
205000.0,94.0,-34.62859,-58.4460558,Caballito
102000.0,50.0,-34.6273118408,-58.4295989873,Caballito
163000.0,84.0,-34.606367,-58.397323,Once
314000.0,96.0,-34.597769,-58.42644,Villa Crespo
149000.0,76.0,-34.5910948,-58.5241044,Almagro
122000.0,64.0,-34.575207,-58.489237,Villa Urquiza
84000.0,45.0,-34.600618,-58.406586,Balvanera
130000.0,52.0,-34.6066163,-58.4909214,Villa del Parque
120000.0,50.0,-34.5859869,-58.4112318,Palermo
130000.0,44.0,-34.6404945,-58.5290348,Liniers
118500.0,42.0,-34.6090764,-58.4261092,Almagro
119000.0,78.0,-34.6057279,-58.4056399,Once
360000.0,75.0,-34.5429344,-58.4617742,Nuñez
74000.0,36.0,-34.596715,-58.444045,Villa Crespo
135000.0,56.0,-34.6036497,-58.4116124,Abasto
198000.0,76.0,-34.62837,-58.456407,Flores
340000.0,84.0,-34.5729505,-58.4227248,Palermo
150000.0,66.0,-34.6026497737,-58.4368541662,Villa Crespo
134900.0,66.0,-34.625969,-58.415701,Boedo
185000.0,86.0,-34.5975096,-58.4390573,Villa Crespo
85000.0,40.0,-34.6186737726,-58.4548030318,Caballito
160000.0,60.0,-34.597982,-58.426876,Almagro
185000.0,61.0,-34.56831,-58.471937,Belgrano
95000.0,45.0,-34.6142794,-58.4354197,Caballito
155000.0,35.0,-34.558173,-58.455806,Belgrano
124000.0,54.0,-34.616001,-58.446718,Caballito
77000.0,33.0,,,
170000.0,65.0,-34.5581287653,-58.4544964474,Belgrano
230000.0,75.0,-34.6033592549,-58.4407199326,Villa Crespo
138000.0,68.0,-34.584729,-58.429091,Palermo
125000.0,57.0,,,San Telmo
93700.0,46.0,-34.6582101,-58.5109039,Mataderos
269000.0,70.0,-34.5702209,-58.4482002,Belgrano
123000.0,54.0,-34.616001,-58.446718,Caballito
180000.0,64.0,-34.5659322,-58.4518896,Belgrano
150000.0,75.0,-34.5630655089,-58.4675126561,Coghlan
155000.0,44.0,-34.6096050553,-58.3663710068,Puerto Madero
37983.0,47.0,-34.5413289,-58.473409,Saavedra
119000.0,52.0,,,Colegiales
118377.0,42.0,-34.5835867,-58.4246948,Palermo
115000.0,44.0,-34.5772817,-58.4837972,Villa Urquiza
84600.0,49.0,-34.6538388,-58.3886814,Barracas
163000.0,70.0,-34.554806,-58.4787521,Nuñez
82000.0,32.0,-34.60746,-58.43891555,Parque Centenario
118500.0,42.0,-34.6090764,-58.4261092,Almagro
170000.0,69.0,,,Floresta
155000.0,82.0,-34.6139012,-58.4343342,Caballito
82000.0,42.0,-34.577168,-58.538654,Flores
135000.0,44.0,-34.5694527,-58.4515507,Belgrano
92600.0,48.0,,,Almagro
138000.0,50.0,-34.6249051,-58.4577784,Caballito
380000.0,80.0,-34.5774695252,-58.4225032795,Palermo
79550.0,32.0,-34.5980837,-58.4860154,Villa del Parque
89900.0,39.0,-34.6214759425,-58.4242661093,Almagro
165800.0,59.0,-34.58503,-58.441665,Palermo
145000.0,72.0,-34.5965341,-58.3809608,Centro / Microcentro
72000.0,36.0,-34.6064955,-58.4124508,Abasto
267000.0,52.0,-34.5776848,-58.4243305,Palermo
179000.0,77.0,-34.6086026,-58.4214929,Almagro
120000.0,55.0,-34.6227627,-58.436433,Caballito
65000.0,38.0,,,Floresta
108000.0,51.0,-34.605891067,-58.4968024142,Villa del Parque
165000.0,90.0,-34.6366095,-58.3766021,Barracas
95000.0,65.0,-34.6475677,-58.4918168,Mataderos
70000.0,38.0,-34.637834,-58.503098,Villa Luro
120000.0,62.0,-34.6505982584,-58.4960692946,Mataderos
130000.0,68.0,-34.6170578,-58.3728773,San Telmo
122000.0,51.0,-34.598942,-58.500647,Villa Devoto
165000.0,80.0,-34.6045189,-58.4584262,Caballito
66500.0,39.0,,,Floresta
70000.0,48.0,,,
130000.0,40.0,-34.603438,-58.4364402,Parque Centenario
85000.0,38.0,-34.5631385,-58.4678187,Belgrano
95000.0,32.0,-34.6125822,-58.4192102,Almagro
132517.0,49.0,,,San Telmo
117000.0,41.0,-34.5546395,-58.4393927,Belgrano
300000.0,73.0,-34.6248116,-58.3761483,San Telmo
110000.0,47.0,-34.5572596,-58.4834027,Saavedra
139877.0,50.0,-34.6235515,-58.3740817,San Telmo
118000.0,39.0,-34.5861955914,-58.4299707413,Palermo
106050.0,35.0,-34.6148483,-58.4604643,Caballito
98000.0,52.0,-34.637834,-58.503098,Villa Luro
169000.0,65.0,-34.5736615,-58.4325058,Las Cañitas
50000.0,36.0,-34.5840054122,-58.45571546,Chacarita
64900.0,35.0,-34.607025,-58.395734,Balvanera
399000.0,70.0,-34.5700718,-58.4323108,Palermo
96000.0,47.0,-34.620943,-58.3888695,Constitución
130000.0,60.0,-34.5620844,-58.4566864,Belgrano
125000.0,55.0,-34.539528,-58.469839,Nuñez
251000.0,85.0,-34.5495227,-58.4692294,Nuñez
149000.0,51.0,-34.5681779,-58.448055,Belgrano
155000.0,50.0,-34.5675735,-58.4711972,Villa Urquiza
150000.0,50.0,-34.6405283,-58.5294588,Villa Luro
195300.0,48.0,-34.5595205148,-58.4451138624,Belgrano
81500.0,43.0,,,
144000.0,90.0,-34.6324915,-58.4779917,Floresta
195000.0,87.0,-34.578295,-58.449588,Colegiales
143000.0,50.0,-34.5978249,-58.416439,Palermo
85000.0,51.0,-34.6290629,-58.387054,Constitución
115000.0,78.0,-34.6166811,-58.3869394,Congreso
164000.0,71.0,-34.574474,-58.448641,Colegiales
143550.0,49.0,-34.5866135,-58.4390914,Palermo
125000.0,55.0,-34.632359,-58.37701,Barracas
122000.0,46.0,-34.552663,-58.452328,Belgrano
119000.0,54.0,-34.6096454,-58.4186777,Almagro
80000.0,37.0,-34.5848,-58.44321,Palermo
92500.0,55.0,-34.6451582,-58.4907929,Mataderos
135000.0,41.0,-34.5905703207,-58.4174177754,Palermo
125000.0,80.0,-34.606616,-58.399329,Once
173000.0,50.0,-34.5883246348,-58.4034767571,Barrio Norte
195000.0,76.0,-34.6403781208,-58.5070349233,Villa Luro
79000.0,37.0,-34.6100367846,-58.4787115886,Villa Santa Rita
230000.0,91.0,-34.6247108,-58.4516924,Caballito
120000.0,42.0,-34.581691,-58.433876,Palermo
205000.0,100.0,-34.6026087,-58.4241996,Almagro
105000.0,67.0,-34.6334711,-58.3616855,Boca
160000.0,79.0,-34.6256279,-58.4270823,Boedo
73000.0,46.0,-34.6264767909,-58.3597016865,
120000.0,35.0,-34.592786,-58.418908,Palermo
168000.0,72.0,-34.620712,-58.371402,San Telmo
140000.0,63.0,-34.6320513455,-58.4032205741,Parque Patricios
110000.0,69.0,-34.6230902,-58.4618331,Flores
51642.0,34.0,-34.603506,-58.45572,Villa Crespo
135000.0,47.0,-34.594099,-58.414916,Palermo
150000.0,77.0,-34.59509,-58.418206,Palermo
102000.0,50.0,-34.637834,-58.503098,Villa Luro
80000.0,35.0,-34.5653209202,-58.4716025037,Coghlan
77324.0,34.0,-34.593335,-58.442214,Villa Crespo
105000.0,63.0,-34.6195729,-58.3973048,Monserrat
215000.0,65.0,-34.577671,-58.450683,Colegiales
103500.0,41.0,-34.5688712,-58.4884216,Villa Urquiza
89500.0,35.0,-34.5714875,-58.4872822,Villa Urquiza
115000.0,65.0,-34.554791,-58.4846424,Saavedra
99000.0,48.0,-34.56329,-58.47043,Belgrano
125000.0,70.0,-34.6112232,-58.41567,Almagro
95000.0,40.0,-34.6027676,-58.4049637,Balvanera
138000.0,78.0,-34.621148,-58.429263,Caballito
82000.0,36.0,-34.5768936,-58.4952547,Villa Urquiza
73000.0,42.0,-34.627787,-58.36622,Boca
108081.0,64.0,-34.631255,-58.370463,Barracas
150000.0,43.0,,,Palermo
84000.0,43.0,-34.55539,-58.487166,Saavedra
95000.0,39.0,-34.598900066,-58.376887002,Retiro
172000.0,59.0,-34.557199,-58.480847,Saavedra
369000.0,84.0,-34.6277772,-58.4484023,Caballito
100000.0,38.0,-34.585666,-58.441923,Palermo
115000.0,35.0,-34.5759862,-58.4390397,Belgrano
110000.0,50.0,-34.6012328021,-58.3805326718,Centro / Microcentro
130000.0,42.0,-34.5830542765,-58.4241328351,Palermo
85800.0,39.0,-34.586829,-58.436595,Palermo
140000.0,68.0,-34.6133864879,-58.4982720587,Villa del Parque
125000.0,43.0,-34.5817888,-58.449509,Colegiales
73000.0,32.0,-34.6072252,-58.4691674,Villa del Parque
109000.0,55.0,-34.631813,-58.461385,Flores
112000.0,60.0,-34.639055,-58.499845,Villa Luro
399000.0,75.0,-34.5625,-58.458333,Palermo
185000.0,66.0,-34.6243811,-58.423241,Almagro
92000.0,47.0,-34.6150574,-58.4802378,Villa General Mitre
92232.0,32.0,-34.572721,-58.483565,Villa Urquiza
130000.0,41.0,-34.5620844,-58.4566864,Belgrano
110000.0,59.0,-34.553243,-58.47589,Saavedra
154800.0,39.0,-34.5867608,-58.4291478,Palermo
99000.0,34.0,-34.5859299,-58.4404055,Palermo
86500.0,33.0,-34.6288131,-58.4722301,Villa del Parque
83439.0,39.0,-34.5907409831,-58.4487530794,Chacarita
97000.0,36.0,-34.582927,-58.41083,Palermo
85000.0,50.0,,,Villa Crespo
68458.0,34.0,-34.63099,-58.4201892,Boedo
108000.0,63.0,-34.653898,-58.506188,Mataderos
73000.0,31.0,-34.6209278,-58.4458736,Caballito
92000.0,60.0,-34.6225043862,-58.3964631214,Parque Patricios
69458.0,34.0,-34.63099,-58.4201892,Boedo
75000.0,33.0,,,
175000.0,69.0,-34.60746,-58.43891555,Parque Centenario
215000.0,100.0,-34.5974586,-58.4033653,Recoleta
189000.0,64.0,-34.6045502,-58.4211036,Almagro
105490.0,34.0,-34.5731507,-58.482362,Villa Urquiza
270000.0,91.0,-34.5824961,-58.4102772,Palermo
185000.0,60.0,-34.626039,-58.432732,Caballito
73000.0,32.0,-34.6586688,-58.5120941,Mataderos
47000.0,46.0,-34.624327,-58.429713,Caballito
159000.0,80.0,-34.6242203,-58.4500796,Caballito
160000.0,50.0,-34.5936142,-58.3800404,Barrio Norte
73600.0,31.0,-34.6230511,-58.3914916,San Cristobal
130000.0,70.0,-34.6203643,-58.4431823,Caballito
79900.0,44.0,-34.617942,-58.460455,Flores
139000.0,50.0,-34.5516787,-58.4651435,Nuñez
103000.0,34.0,-34.5859299,-58.4404055,Palermo
117000.0,38.0,-34.5558817828,-58.4619371046,Belgrano
135000.0,67.0,-34.641961,-58.373934,Barracas
285000.0,80.0,-34.5710640663,-58.453650159,Colegiales
126000.0,53.0,-34.6240354,-58.4042052,Balvanera
200000.0,60.0,-34.5686667973,-58.4331202353,Palermo
245000.0,90.0,-34.578295,-58.449588,Colegiales
90000.0,47.0,-34.6005624,-58.4439836,Villa Crespo
270000.0,88.0,-34.620919,-58.45557,Caballito
74300.0,34.0,-34.593335,-58.442214,Villa Crespo
210000.0,86.0,-34.5853989,-58.418262,Palermo
161320.0,56.0,-34.544171,-58.478875,Saavedra
86000.0,48.0,,,
137000.0,50.0,-34.5978249,-58.4164389,Palermo
65000.0,32.0,-34.5912364,-58.398821,Recoleta
290000.0,94.0,-34.6140187704,-58.4888447988,Nuñez
79900.0,52.0,-34.6262018,-58.4685707,Flores
120000.0,34.0,-34.6004227,-58.420585,Almagro
150000.0,40.0,,,Belgrano
135000.0,45.0,-34.574547,-58.4343478,Palermo
110327.0,39.0,,,San Telmo
280000.0,100.0,-34.5639398595,-58.4382636423,Palermo
259000.0,85.0,-34.5688186,-58.4360816,Belgrano
355000.0,70.0,-34.6212687994,-58.3614488949,Puerto Madero
324500.0,96.0,-34.597769,-58.42644,Villa Crespo
170000.0,92.0,-34.602764,-58.373966,Centro / Microcentro
116000.0,55.0,-34.613643,-58.481383,Villa Santa Rita
68500.0,36.0,-34.625227,-58.457758,Flores
120000.0,50.0,,,
205000.0,98.0,-34.565477,-58.471318,Coghlan
125000.0,47.0,-34.6015609,-58.4333731,Villa Crespo
84000.0,42.0,-34.647382,-58.4772734,Parque Avellaneda
250000.0,85.0,-34.5427503,-58.4601452,Nuñez
198000.0,86.0,-34.579089,-58.450149,Colegiales
99900.0,70.0,-34.609988,-58.410637,Balvanera
215000.0,66.0,-34.6037137392,-58.3815808896,Nuñez
125000.0,80.0,-34.6036844,-58.3815591,Once
135000.0,74.0,-34.616118,-58.463981,Flores
120000.0,82.0,-34.6253246,-58.4866517,Floresta
149000.0,64.0,-34.6134799418,-58.3871345206,Congreso
109000.0,78.0,-34.606703,-58.469474,Paternal
70000.0,40.0,-34.5947552,-58.49967,Villa Devoto
111066.0,47.0,,,San Telmo
140000.0,44.0,-34.607026,-58.442438,Caballito
114000.0,65.0,-34.608797,-58.484293,Villa del Parque
80000.0,37.0,-34.5771693,-58.4300256,Palermo
144000.0,69.0,-34.6154117,-58.4754707,Flores
228800.0,66.0,-34.613041,-58.43307,Caballito
157000.0,93.0,-34.576551,-58.46187,Colegiales
81000.0,46.0,-34.6021118,-58.3851437,Tribunales
95000.0,50.0,-34.6448325,-58.4528206,Flores
104900.0,48.0,-34.596667,-58.39754,Recoleta
216214.0,82.0,-34.612287,-58.422895,Almagro
91000.0,48.0,-34.599654,-58.430791,Villa Crespo
75000.0,41.0,-34.59305,-58.448972,Chacarita
189000.0,91.0,-34.5972441,-58.4416588,Villa Crespo
110000.0,42.0,-34.54316,-58.464088,Nuñez
122000.0,61.0,-34.6344407,-58.4747469,Floresta
79500.0,37.0,-34.6051872,-58.4567122,Villa Crespo
94850.0,32.0,-34.572721,-58.483565,Villa Urquiza
135000.0,50.0,-34.5982248,-58.4041773,Barrio Norte
74000.0,34.0,-34.6177615,-58.383662,Centro / Microcentro
68900.0,32.0,-34.620972,-58.41465,Boedo
105000.0,40.0,-34.559071,-58.446733,Belgrano
250000.0,70.0,-34.6363572,-58.3767044,Barracas
85570.0,38.0,-34.6256447,-58.4611155,Flores
90000.0,33.0,-34.5620844,-58.4566864,Belgrano
149000.0,77.0,-34.586019,-58.444476,Palermo
145000.0,70.0,-34.578408,-58.4958691,Villa Urquiza
115000.0,31.0,-34.5817176348,-58.4486236993,Palermo
110000.0,36.0,-34.5771209,-58.4381936,Palermo
69000.0,33.0,-34.5980887,-58.4043922,Barrio Norte
80000.0,34.0,-34.6141777,-58.3802033,Monserrat
61000.0,59.0,-34.654798,-58.404758,Parque Patricios
109246.0,47.0,-34.6244303,-58.3741828,San Telmo
104173.0,34.0,,,Palermo
138000.0,50.0,-34.563252,-58.456441,Belgrano
65000.0,31.0,-34.588298,-58.508619,Villa Pueyrredón
91900.0,39.0,-34.586829,-58.436595,Palermo
30000.0,37.0,-34.5865029041,-58.4773635689,Villa Urquiza
235000.0,70.0,-34.5863241,-58.3877694,Recoleta
70000.0,32.0,-34.6214484982,-58.3814764023,San Telmo
120000.0,74.0,-34.621907,-58.3887891,Constitución
75000.0,39.0,-34.683568,-58.474056,Villa Lugano
76500.0,32.0,-34.6173477,-58.4494039,Caballito
120000.0,42.0,-34.6293468,-58.4353111,Caballito
200000.0,72.0,-34.5976878,-58.4340387,Villa Crespo
75000.0,32.0,-34.577168,-58.538654,Villa del Parque
100000.0,52.0,-34.637834,-58.503098,Villa Luro
100000.0,42.0,-34.5888927,-58.5085653,Villa Devoto
80000.0,44.0,-34.6115557,-58.4102154,Balvanera
115000.0,82.0,-34.60453,-58.39463,Balvanera
210000.0,86.0,-34.6036844,-58.3815591,Coghlan
110000.0,38.0,-34.556844,-58.457941,Belgrano
142600.0,31.0,-34.567984,-58.4337562,Las Cañitas
200000.0,50.0,-34.5496870424,-58.467528104,Nuñez
145000.0,66.0,-34.614703,-58.438833,Caballito
99000.0,50.0,-34.5999689,-58.3768192,Retiro
99700.0,47.0,-34.5703376,-58.4425508,Colegiales
95000.0,35.0,-34.556809,-58.457834,Belgrano
115000.0,63.0,-34.625316,-58.467693,Flores
315000.0,79.0,-34.567079,-58.451879,Belgrano
180000.0,87.0,-34.615138,-58.3992878,Balvanera
158000.0,92.0,-34.6415407158,-58.5167060944,Liniers
172000.0,71.0,-34.615921,-58.393128,Balvanera
85000.0,43.0,-34.6187853,-58.4791827,Flores
94500.0,55.0,-34.6451582,-58.4907929,Parque Avellaneda
118974.0,49.0,,,San Telmo
110000.0,82.0,,,Floresta
105000.0,34.0,-34.5538454266,-58.4919050998,Saavedra
210000.0,74.0,-34.546338,-58.458899,Nuñez
138000.0,78.0,-34.60559,-58.458896,Paternal
185000.0,70.0,-34.5692991,-58.4498983,Belgrano
229700.0,70.0,-34.5792764,-58.4548802,Villa Ortuzar
114000.0,47.0,-34.577645,-58.495653,Villa Urquiza
199000.0,95.0,-34.6138646386,-58.4267239253,Caballito
177000.0,40.0,-34.5680472,-58.452962,Belgrano
65000.0,54.0,-34.666197,-58.48118,Villa Lugano
110000.0,35.0,-34.5706702,-58.4408266,Belgrano
90000.0,35.0,-34.6555941,-58.5182496,Mataderos
68000.0,37.0,-34.6184351,-58.4657756,Flores
117000.0,79.0,-34.611506,-58.411067,Balvanera
125000.0,59.0,-34.6465128,-58.488904,Floresta
210000.0,52.0,-34.5888694,-58.3913369,Barrio Norte
90000.0,72.0,,,Barracas
105000.0,43.0,-34.563925,-58.480278,Coghlan
108000.0,51.0,-34.5987208,-58.4404368,Villa Crespo
118000.0,40.0,-34.583705,-58.433254,Palermo
289000.0,91.0,-34.5969642626,-58.3862584307,Tribunales
147000.0,48.0,-34.598615,-58.3970315,Barrio Norte
77000.0,31.0,-34.59961,-58.396875,Recoleta
96000.0,65.0,-34.6259133294,-58.5064738543,Villa Devoto
98000.0,36.0,-34.5647507,-58.4891059,Villa Urquiza
79000.0,35.0,-34.627366,-58.507638,Villa Luro
76000.0,36.0,-34.6052532843,-58.4936738106,Villa del Parque
135000.0,67.0,-34.616512,-58.4436838,Caballito
82000.0,38.0,-34.6117136,-58.4605517,Caballito
73000.0,38.0,-34.617058,-58.445235,Caballito
108045.0,35.0,-34.6148483,-58.4604643,Caballito
148000.0,47.0,-34.587953,-58.414446,Palermo
88900.0,50.0,-34.63957,-58.465294,Flores
115000.0,64.0,,,
110000.0,41.0,-34.5522,-58.462844,Nuñez
54700.0,44.0,-34.549741,-58.48622,Saavedra
199000.0,93.0,-34.618499,-58.470407,Caballito
95000.0,40.0,-34.6047969,-58.454126,Villa Crespo
85000.0,50.0,-34.5800803,-58.4920978,Villa Urquiza
155000.0,50.0,-34.5558424,-58.457783,Belgrano
129000.0,78.0,-34.624859,-58.3712223,Barracas
215000.0,70.0,-34.5551436,-58.455652,Belgrano
330000.0,100.0,-34.6405489,-58.5299296,Villa Luro
300000.0,87.0,-34.5946557,-58.3877428,Retiro
129000.0,54.0,-34.593089,-58.431762,Palermo
99000.0,68.0,-34.6010588,-58.4609647,Villa Crespo
65000.0,43.0,-34.6240024,-58.3905883,Constitución
90000.0,47.0,-34.624892,-58.374975,San Telmo
155000.0,74.0,-34.6152189,-58.383156,Monserrat
139900.0,86.0,-34.603785,-58.488625,Villa del Parque
131040.0,41.0,-34.5710926,-58.4846052,Villa Urquiza
123500.0,40.0,-34.5542242,-58.4678339,Nuñez
80000.0,42.0,-34.6091668,-58.3892118,Balvanera
110000.0,38.0,-34.5428883979,-58.4807938485,Saavedra
98000.0,60.0,-34.5958969,-58.4715637,Paternal
130000.0,40.0,-34.5977779,-58.4182712,Palermo
174000.0,66.0,-34.6223398871,-58.4085322312,San Cristobal
99000.0,37.0,-34.5715748,-58.4557069,Colegiales
178000.0,70.0,-34.5684815,-58.4513388,Belgrano
235000.0,90.0,-34.5937383,-58.4034056,Barrio Norte
115000.0,60.0,-34.6115734,-58.4180781,Almagro
330000.0,65.0,-34.5607742,-58.4606278,Belgrano
180000.0,50.0,-34.59146,-58.406432,Recoleta
235000.0,100.0,-34.595688,-58.4031864,Palermo
119000.0,96.0,-34.6276516,-58.4679307,Flores
170000.0,60.0,-34.6037137392,-58.3815808896,Palermo
118000.0,50.0,-34.6038532,-58.430481,Almagro
189237.0,71.0,-34.61098,-58.417856,Almagro
105000.0,51.0,-34.616045,-58.393664,Balvanera
94000.0,44.0,-34.6009862,-58.408268,Once
160000.0,89.0,,,Congreso
89500.0,40.0,-34.6202466,-58.4165902,Almagro
90000.0,36.0,-34.6429944802,-58.5109918442,Liniers
64000.0,35.0,-34.5745302,-58.4928592,Villa Urquiza
257000.0,94.0,-34.5950091015,-58.3845022037,Barrio Norte
94000.0,55.0,-34.6251817377,-58.4070359893,San Cristobal
145000.0,50.0,-34.5770323,-58.4798783,Villa Urquiza
195000.0,93.0,-34.565563,-58.4533167,Belgrano
90000.0,41.0,-34.6162229,-58.4184465,Almagro
239000.0,54.0,-34.5683783,-58.449379,Belgrano
90000.0,41.0,-34.6239614,-58.4034766,Boedo
139000.0,63.0,-34.6352242,-58.4676975,Flores
84000.0,51.0,-34.633333,-58.466667,Flores
169000.0,68.0,-34.6327422,-58.4408154,Parque Chacabuco
100000.0,34.0,-34.5819463286,-58.4478355242,Palermo
143429.0,59.0,-34.6209278,-58.4458736,Caballito
240000.0,82.0,-34.5912139,-58.3986378,Barrio Norte
110000.0,51.0,-34.6412989,-58.3707635,Barracas
87000.0,34.0,-34.6168909,-58.402719,Belgrano
180000.0,74.0,-34.5653042899,-58.4379652889,Belgrano
169000.0,43.0,-34.5747531701,-58.4407633688,Palermo
98000.0,64.0,-34.6055538,-58.376534,San Nicolás
85000.0,45.0,-34.6036844,-58.3815591,Parque Chacabuco
85000.0,35.0,-34.5733653,-58.4384417,Belgrano
192000.0,54.0,-34.5546708,-58.4673571,Nuñez
158000.0,49.0,-34.5885144,-58.4120115,Palermo
78000.0,34.0,-34.621327,-58.3757206,San Telmo
191668.0,65.0,-34.5731507,-58.482362,Villa Urquiza
233000.0,85.0,-34.5985872,-58.3973385,Barrio Norte
89900.0,36.0,-34.5970189136,-58.4087784252,Palermo
113000.0,45.0,-34.5469102,-58.47859,Saavedra
218000.0,88.0,-34.5869637,-58.4212588,Palermo
238000.0,59.0,-34.556256,-58.468448,Nuñez
78493.0,34.0,-34.593422,-58.4423025,Villa Crespo
69000.0,36.0,-34.6031,-58.401046,Balvanera
100000.0,40.0,-34.6037603,-58.4879552,Villa del Parque
127000.0,54.0,-34.65,-58.383333,Barracas
110000.0,47.0,-34.6056046,-58.4962758,Villa del Parque
245000.0,70.0,-34.5859825,-58.4148132,Barrio Norte
140000.0,73.0,-34.569959,-58.444905,Palermo
235000.0,100.0,-34.595688,-58.4031864,Palermo
135000.0,54.0,-34.613965,-58.42555,Almagro
89900.0,60.0,,,Floresta
160000.0,65.0,-34.6026301,-58.5017404,Villa del Parque
206000.0,63.0,-34.5709978,-58.4440588,Colegiales
149000.0,44.0,-34.575535,-58.438102,Belgrano
160000.0,60.0,-34.5807444,-58.4247993,Palermo
200000.0,75.0,-34.5947727,-58.3971933,Recoleta
90000.0,46.0,-34.6392306,-58.4643665,Flores
119000.0,70.0,-34.627949,-58.396242,San Cristobal
325000.0,99.0,-34.565118,-58.442631,Belgrano
110000.0,54.0,-34.5792,-58.454883,Chacarita
69000.0,45.0,-34.638857,-58.510115,Villa Luro
93000.0,35.0,-34.5720545,-58.4745649,Villa Urquiza
128700.0,45.0,-34.5866135,-58.4390914,Palermo
120000.0,51.0,-34.577168,-58.48704,Villa Urquiza
180000.0,82.0,-34.605484,-58.508742,Villa Devoto
89900.0,44.0,-34.5741558,-58.4931736,Villa Urquiza
152000.0,54.0,-34.6274228,-58.4296216,Caballito
67000.0,33.0,-34.6255434,-58.4572347,Flores
93000.0,40.0,,,Villa Urquiza
100000.0,41.0,-34.5967593,-58.3799088,Barrio Norte
75000.0,35.0,-34.5599177,-58.4451113,Belgrano
225500.0,64.0,-34.62818,-58.429483,Caballito
145000.0,83.0,-34.620248,-58.403256,San Cristobal
127000.0,48.0,-34.645026,-58.373189,Barracas
52064.0,66.0,-34.5413289,-58.473409,Nuñez
117000.0,38.0,-34.5559731,-58.4620139,Nuñez
150000.0,52.0,-34.5873707153,-58.4501901094,Chacarita
160000.0,62.0,-34.6109561,-58.4162202,Almagro
225700.0,67.0,-34.597769,-58.42644,Villa Crespo
325000.0,100.0,-34.6014492,-58.4353446,Villa Crespo
80000.0,40.0,-34.630345,-58.3856711,Constitución
93000.0,50.0,-34.6086412353,-58.3906145696,Balvanera
165000.0,66.0,-34.5492493,-58.4630319,Nuñez
270000.0,100.0,-34.5893508,-58.408068,Barrio Norte
90000.0,37.0,-34.6267194673,-58.4566024361,Caballito
60000.0,34.0,-34.6630163,-58.514281,Mataderos
145000.0,50.0,-34.564492,-58.4723806,Coghlan
105000.0,45.0,-34.620233,-58.429597,Caballito
110000.0,31.0,-34.5542681,-58.4576474,Nuñez
185000.0,46.0,-34.56611,-58.463368,Belgrano
70000.0,31.0,-34.6165677784,-58.4774428246,Villa Santa Rita
120000.0,45.0,,,
68000.0,31.0,-34.6184464575,-58.5007250479,Villa Devoto
185000.0,60.0,-34.557808,-58.4519581,Belgrano
84900.0,41.0,-34.5521171,-58.4710166,Nuñez
140000.0,78.0,-34.6206541753,-58.3799130262,San Telmo
125000.0,70.0,-34.6112232,-58.41567,Once
62050.0,39.0,-34.625205,-58.379194,Constitución
170000.0,53.0,-34.568169,-58.434204,Palermo
322000.0,86.0,-34.5602429,-58.4438821,Belgrano
99000.0,53.0,-34.5563184,-58.4789425,Coghlan
187500.0,64.0,-34.597769,-58.42644,Villa Crespo
150000.0,50.0,-34.6405283,-58.5294588,Villa Luro
68000.0,32.0,-34.6173479,-58.4494037,Caballito
280000.0,75.0,-34.574412,-58.431473,Palermo
135000.0,90.0,-34.595991,-58.447341,Villa Crespo
222000.0,64.0,-34.5826274,-58.4518257,Chacarita
82000.0,41.0,-34.5497024,-58.4674904,Nuñez
115000.0,54.0,,,Saavedra
157675.0,59.0,-34.579394,-58.455398,Colegiales
92000.0,40.0,-34.6234793,-58.37716,San Telmo
178000.0,66.0,-34.565913,-58.438725,Palermo
66000.0,35.0,-34.6069338,-58.4712029,Villa del Parque
230000.0,54.0,-34.554824,-58.4374995,Palermo
146700.0,50.0,-34.6235515,-58.3740817,San Telmo
73000.0,35.0,-34.6173396,-58.4493817,Caballito
110000.0,58.0,-34.6231688,-58.4064002,San Cristobal
145000.0,57.0,,,Palermo
139000.0,45.0,-34.5543757,-58.4667834,Belgrano
339000.0,90.0,-34.5917585462,-58.384284881,Barrio Norte
88264.0,35.0,-34.6209278,-58.4458736,Caballito
165000.0,68.0,,,Colegiales
145000.0,50.0,-34.5776068498,-58.4790643969,Villa Urquiza
118000.0,51.0,-34.5982939,-58.3878419,Recoleta
103929.0,35.0,-34.6148483,-58.4604643,Caballito
63000.0,34.0,,,
92000.0,35.0,-34.5860332,-58.4013161,Barrio Norte
120000.0,65.0,-34.5454613,-58.4802128,Saavedra
137000.0,51.0,-34.580146,-58.4648168,Villa Ortuzar
82000.0,38.0,,,San Telmo
174250.0,47.0,-34.6153103,-58.3619834,Puerto Madero
125000.0,50.0,-34.6228034,-58.4004254,San Cristobal
82000.0,53.0,-34.6215721043,-58.4446263313,Caballito
189000.0,76.0,-34.624818,-58.376142,San Telmo
80000.0,34.0,,,
107000.0,50.0,-34.6152274138,-58.4774593388,Villa del Parque
145000.0,58.0,-34.590514,-58.447075,Chacarita
184900.0,70.0,-34.569879,-58.433221,Belgrano
310000.0,74.0,-34.5865616106,-58.400336361,Recoleta
111500.0,70.0,-34.578558,-58.509142,Villa Pueyrredón
82000.0,40.0,-34.6010943,-58.406726,Almagro
169000.0,63.0,-34.612425,-58.4806225,Paternal
89500.0,40.0,-34.6202466,-58.4165902,Almagro
73000.0,38.0,-34.6253319,-58.4446144,Caballito
62000.0,36.0,-34.6274383,-58.478013,Flores
235000.0,86.0,-34.6058250584,-58.4297426784,Almagro
174900.0,98.0,-34.60582,-58.393042,Balvanera
155000.0,70.0,-34.6038768,-58.4156502,Almagro
100000.0,32.0,-34.553811,-58.453759,Belgrano
107334.0,38.0,-34.5578146,-58.4696832,Villa Urquiza
137000.0,42.0,-34.607026,-58.442438,Caballito
240000.0,65.0,-34.6282267,-58.4439153,Caballito
99000.0,74.0,-34.6072023,-58.4035194,Balvanera
260000.0,55.0,-34.5820218,-58.4209389,Palermo
124000.0,47.0,-34.578634,-58.449841,Colegiales
225000.0,76.0,-34.5931886,-58.4246144,Palermo
148000.0,33.0,-34.5671279,-58.4328769,Belgrano
130000.0,44.0,-34.5742272,-58.4922864,Villa Urquiza
100000.0,49.0,-34.6177615,-58.383662,Centro / Microcentro
178000.0,60.0,-34.569335,-58.4348693,Palermo
87000.0,41.0,,,Villa Lugano
135000.0,74.0,-34.6060199414,-58.411080557,Balvanera
80300.0,31.0,-34.6230511,-58.3914916,San Cristobal
99000.0,45.0,-34.5915576,-58.508675,Villa Devoto
95000.0,34.0,-34.612586,-58.419227,Almagro
80070.0,34.0,-34.593335,-58.442214,Villa Crespo
100705.0,38.0,,,Caballito
119000.0,48.0,-34.6217903,-58.4576825,Caballito
115000.0,70.0,-34.6054157,-58.4070327,Balvanera
155000.0,65.0,-34.604424,-58.396872,Balvanera
73150.0,36.0,-34.6106305,-58.4799666,Villa del Parque
140000.0,47.0,-34.5711496,-58.4232966,Palermo
105000.0,39.0,-34.6149058,-58.4128363,Balvanera
103500.0,45.0,-34.6196382,-58.3995005,Balvanera
111711.0,47.0,,,San Telmo
99000.0,75.0,-34.6309832,-58.4806664,Floresta
155000.0,81.0,-34.6052475,-58.408818,Almagro
125000.0,40.0,-34.5703149,-58.4830019,Villa Urquiza
115000.0,38.0,-34.592127,-58.412257,Palermo
160000.0,57.0,-34.636246,-58.4909798,Floresta
83000.0,41.0,-34.6191016,-58.4415901,Caballito
154500.0,49.0,-34.597769,-58.42644,Villa Crespo
98000.0,32.0,-34.6036844,-58.3815591,Belgrano
240000.0,90.0,-34.573525,-58.442896,Palermo
109000.0,58.0,-34.613361,-58.462683,Flores
106000.0,41.0,-34.5688712,-58.4884216,Villa Urquiza
145000.0,76.0,-34.606076,-58.459051,Caballito
140000.0,70.0,-34.6012672,-58.4046626,Balvanera
107200.0,33.0,-34.5687846,-58.4768939,Villa Urquiza
142000.0,50.0,-34.5979435834,-58.415852535,Palermo
110000.0,40.0,-34.5742806,-58.4346696,Belgrano
169000.0,45.0,-34.5636498,-58.4653792,Palermo
87000.0,40.0,-34.5716554,-58.5020382,Villa Pueyrredón
72000.0,38.0,-34.637834,-58.503098,Villa Luro
87500.0,41.0,-34.620583,-58.402827,San Cristobal
335000.0,75.0,-34.5594846,-58.4451392,Belgrano
81000.0,38.0,-34.6037137392,-58.3815808896,Caballito
75000.0,31.0,-34.633021,-58.370341,Barracas
93000.0,40.0,-34.5846208675,-58.421964492,Palermo
169000.0,90.0,-34.6093503,-58.4514422,Caballito
81559.0,46.0,-34.63093,-58.468101,Flores
149000.0,44.0,-34.5735072,-58.4922827,Villa Urquiza
235000.0,90.0,-34.5671066,-58.4723916,Villa Urquiza
59600.0,33.0,-34.620858,-58.378926,San Telmo
98000.0,41.0,-34.628822,-58.453314,Caballito
88000.0,66.0,,,Congreso
84900.0,49.0,-34.622985,-58.504922,Villa Devoto
335000.0,100.0,-34.586174,-58.407823,Barrio Norte
309000.0,86.0,-34.5490777851,-58.4552272783,Belgrano
90000.0,44.0,-34.617329,-58.375159,San Telmo
125000.0,48.0,-34.606491,-58.418555,Almagro
189000.0,92.0,-34.60258,-58.420206,Almagro
270000.0,83.0,-34.6265009044,-58.3595867514,Belgrano
112000.0,44.0,-34.5765536,-58.4965425,Villa Urquiza
139500.0,70.0,-34.6045043,-58.4372375,Villa Crespo
70000.0,32.0,-34.609907,-58.384775,San Cristobal
70000.0,31.0,-34.5833431,-58.4689267,Villa Urquiza
171000.0,63.0,-34.6235515,-58.3740817,San Telmo
86000.0,46.0,,,Floresta
213688.0,35.0,-34.5679891,-58.4339848,Las Cañitas
110000.0,76.0,-34.624639,-58.4661095,Flores
105000.0,52.0,-34.6408037,-58.5010195,Villa Luro
99000.0,57.0,-34.6334407,-58.4637448,Flores
112000.0,63.0,-34.60257,-58.398213,Balvanera
87000.0,41.0,-34.6058016853,-58.4152369651,Almagro
182000.0,59.0,-34.557199,-58.480847,Saavedra
168000.0,87.0,-34.6052823,-58.4087617,Once
270000.0,88.0,-34.5893508,-58.408068,Barrio Norte
93000.0,42.0,-34.6106110157,-58.4795902886,Villa del Parque
159500.0,49.0,-34.586491,-58.4389473,Palermo
65000.0,33.0,-34.617321,-58.439614,Caballito
195000.0,61.0,-34.603506,-58.417856,Almagro
240000.0,88.0,-34.6305208,-58.371624,Barracas
79000.0,34.0,-34.5958168,-58.4474666,Villa Crespo
124900.0,60.0,-34.616328,-58.46014,Caballito
139300.0,62.0,-34.6140599377,-58.4755425084,Villa del Parque
79000.0,48.0,-34.625108,-58.371319,San Telmo
108000.0,41.0,-34.553048,-58.450913,Belgrano
165000.0,50.0,-34.5755826,-58.4325346,Las Cañitas
185600.0,95.0,-34.587953,-58.414446,Palermo
78000.0,35.0,-34.604089,-58.392355,San Nicolás
145000.0,72.0,-34.5965341,-58.3809608,Retiro
152000.0,47.0,-34.5427503,-58.4601452,Nuñez
143000.0,80.0,-34.635715,-58.405788,Parque Patricios
169000.0,45.0,,,Belgrano
145000.0,50.0,-34.5535338,-58.436914,Belgrano
149000.0,50.0,-34.5835376,-58.4053183,Recoleta
118000.0,40.0,-34.5689175,-58.4576268,Belgrano
77800.0,36.0,-34.62279,-58.394566,San Cristobal
159000.0,68.0,-34.5651516,-58.4522661,Belgrano
59000.0,40.0,-34.6040693,-58.4602095,Paternal
78900.0,38.0,-34.6200261,-58.3884668,Congreso
240000.0,88.0,-34.5998566,-58.4890019,Agronomía
75000.0,34.0,-34.612338,-58.401328,Balvanera
110000.0,46.0,-34.58616,-58.475633,Parque Chas
90000.0,45.0,-34.5873917,-58.4893451,Villa Pueyrredón
295000.0,85.0,,,Palermo
67000.0,38.0,-34.63099,-58.4201892,Boedo
240000.0,91.0,-34.6166871,-58.4443684,Caballito
105000.0,36.0,-34.5628256,-58.4651369,Coghlan
153000.0,51.0,-34.6037137392,-58.3815808896,Barrio Norte
140000.0,44.0,-34.607026,-58.442438,Caballito
162000.0,71.0,-34.563881,-58.465333,Belgrano
235000.0,84.0,-34.5732902979,-58.4314790193,Palermo
84000.0,40.0,-34.5991823,-58.424788,Palermo
120000.0,45.0,-34.6446829509,-58.3733254578,Barracas
89500.0,36.0,-34.600256,-58.436421,Villa Crespo
180000.0,61.0,-34.5475074,-58.4842066,Saavedra
129500.0,65.0,-34.605719,-58.379069,Centro / Microcentro
130000.0,58.0,-34.636554,-58.443875,Parque Chacabuco
188000.0,83.0,-34.6003526552,-58.4042552045,Once
95000.0,40.0,-34.6074624,-58.4484508,Villa Crespo
180000.0,58.0,-34.590989,-58.446377,Chacarita
120000.0,37.0,-34.5784951,-58.4375603,Palermo
65000.0,51.0,-34.6177932059,-58.4168386459,Almagro
138000.0,64.0,-34.599567,-58.43643,Palermo
170000.0,49.0,-34.5814008,-58.4338296,Palermo
290000.0,100.0,-34.541142,-58.464732,Nuñez
85000.0,50.0,-34.6110666,-58.4871486,Villa del Parque
169000.0,44.0,-34.5829921797,-58.4205751677,Palermo
94500.0,37.0,-34.5954988,-58.4423636,Villa Crespo
129000.0,40.0,-34.5605032026,-58.46487789,Nuñez
105000.0,45.0,-34.617321,-58.439614,Caballito
199000.0,57.0,-34.554657,-58.46102,Belgrano
94000.0,45.0,-34.560041,-58.46043,Belgrano
127000.0,50.0,-34.5733991365,-58.4829375767,Villa Urquiza
96000.0,49.0,-34.54384,-58.480901,Nuñez
135529.0,50.0,-34.572721,-58.483565,Villa Urquiza
94500.0,45.0,-34.564832,-58.468958,Belgrano
89900.0,32.0,-34.5742417956,-58.4821423888,Villa Urquiza
64900.0,43.0,-34.616063,-58.373011,San Telmo
77000.0,35.0,-34.6033868,-58.3879764,Centro / Microcentro
120000.0,35.0,-34.5762105,-58.4896168,Villa Urquiza
343530.0,100.0,-34.6153103,-58.3619834,Puerto Madero
165000.0,85.0,-34.6004038,-58.4954328,Villa Devoto
102300.0,36.0,-34.62818,-58.429483,Caballito
301000.0,59.0,-34.565206,-58.436515,Palermo
130000.0,70.0,,,Floresta
134800.0,44.0,-34.62732,-58.37248,San Telmo
95000.0,37.0,-34.5562825,-58.4790126,Belgrano
68000.0,35.0,-34.633033,-58.386288,Constitución
95000.0,36.0,-34.5607997,-58.4661541,Villa Urquiza
175000.0,87.0,-34.6140311,-58.4248489,Almagro
140000.0,71.0,-34.6310072,-58.3734691,Barracas
84000.0,56.0,-34.6185754,-58.3835237,Monserrat
99000.0,36.0,-34.5589271,-58.4587772,Belgrano
285000.0,95.0,-34.5901587937,-58.3828084195,Recoleta
178000.0,66.0,-34.5930947,-58.4115277,Palermo
180000.0,38.0,-34.5750612,-58.4598102,Villa Urquiza
85000.0,32.0,-34.5952839,-58.3827434,Retiro
115000.0,32.0,-34.565605,-58.433326,Belgrano
95000.0,38.0,-34.6263006561,-58.4675833418,Flores
195000.0,60.0,-34.5935798277,-58.3921363775,Barrio Norte
55000.0,42.0,,,Barracas
158000.0,60.0,-34.5667342,-58.4581718,Belgrano
65000.0,36.0,-34.618092,-58.465875,Flores
68500.0,36.0,-34.625227,-58.457758,Flores
83000.0,37.0,-34.5834642306,-58.4732664497,Villa Urquiza
77716.0,34.0,-34.593422,-58.4423025,Villa Crespo
55000.0,61.0,-34.646572,-58.469396,Flores
181938.0,47.0,-34.6153103,-58.3619834,Puerto Madero
75900.0,31.0,-34.5950015,-58.4293615,Palermo
74000.0,38.0,-34.5862,-58.473951,Parque Chas
79000.0,37.0,-34.6039992,-58.4557837,Villa Crespo
118000.0,46.0,-34.614232,-58.479161,Villa del Parque
91500.0,44.0,-34.63905,-58.521118,Liniers
77600.0,32.0,,,Belgrano
129000.0,49.0,-34.550663,-58.453295,Nuñez
170000.0,45.0,-34.592926,-58.385038,Recoleta
75000.0,33.0,-34.60074133,-58.430916,Villa Crespo
165000.0,61.0,-34.5574843235,-58.4806254921,Saavedra
160000.0,75.0,-34.6194976378,-58.410815281,Balvanera
120000.0,39.0,-34.6059648,-58.4275736,Almagro
72000.0,37.0,-34.629231,-58.460781,Flores
90000.0,50.0,-34.6127235,-58.3927514,Balvanera
151800.0,70.0,-34.6299244,-58.4098381,Parque Patricios
89398.0,31.0,-34.6014487472,-58.3971252862,Barrio Norte
132500.0,51.0,-34.612468,-58.377194,Monserrat
85000.0,45.0,-34.6047796,-58.4376755,Parque Centenario
131000.0,50.0,-34.5853705011,-58.4414307483,Palermo
150000.0,44.0,-34.5790338,-58.438252,Palermo
139500.0,47.0,-34.6082575,-58.4852234,Villa del Parque
150918.0,50.0,-34.543001,-58.462592,Nuñez
75000.0,40.0,-34.631398,-58.382701,Constitución
159000.0,46.0,-34.608298,-58.44014,Caballito
180000.0,84.0,-34.594657,-58.395038,Recoleta
214417.0,56.0,-34.6153103,-58.3619834,Puerto Madero
69458.0,34.0,-34.63099,-58.4201892,Boedo
110000.0,48.0,-34.5796458,-58.4535585,Colegiales
93000.0,42.0,-34.589411,-58.504386,Villa Pueyrredón
105000.0,62.0,-34.5964256892,-58.4114494126,Palermo
155000.0,65.0,-34.590116,-58.412453,Palermo
80000.0,48.0,-34.6408375,-58.5331685,Flores
260000.0,82.0,-34.5496870424,-58.467528104,Nuñez
120000.0,47.0,-34.5971905978,-58.4162180424,Palermo
151200.0,42.0,-34.59567,-58.4250069,Palermo
89000.0,40.0,-34.6389519,-58.5015069,Villa Luro
81000.0,39.0,-34.6051872,-58.4567122,Paternal
118346.0,43.0,-34.6296029924,-58.4412987828,Caballito
320000.0,96.0,-34.5848317,-58.4131869,Palermo
83000.0,47.0,-34.621906,-58.528263,Villa Real
219000.0,86.0,-34.586241,-58.3948169,Recoleta
95000.0,43.0,-34.6156,-58.5099,Villa Devoto
77000.0,38.0,-34.643695,-58.374374,Barracas
280000.0,98.0,-34.5892055,-58.4092297,Recoleta
168000.0,87.0,-34.6052823,-58.4087617,Balvanera
108000.0,67.0,-34.58751,-58.510665,Villa Devoto
165000.0,86.0,-34.637834,-58.503098,Villa Luro
100100.0,45.0,-34.6157142,-58.4170204,Almagro
89900.0,48.0,-34.6241530993,-58.4499722794,Caballito
120488.0,37.0,-34.6013646,-58.4348718,Villa Crespo
180000.0,75.0,-34.5685537,-58.4878539,Villa Urquiza
137200.0,51.0,-34.5824698,-58.4232882,Palermo
147500.0,80.0,-34.6101131,-58.4735066,Paternal
135000.0,62.0,-34.6074488,-58.4400362,Caballito
97760.0,45.0,-34.6143931,-58.4762907,Villa Santa Rita
116000.0,41.0,-34.598681,-58.4824163,Agronomía
89100.0,50.0,-34.617634,-58.418534,Almagro
100000.0,61.0,-34.611786,-58.453232,Caballito
67000.0,35.0,-34.623749,-58.502625,Velez Sarsfield
157000.0,93.0,-34.6263886,-58.4551534,Flores
76700.0,37.0,-34.605643,-58.455291,Paternal
89000.0,53.0,-34.63013,-58.367233,Boca
125000.0,45.0,-34.629942,-58.409564,Boedo
92000.0,37.0,,,Parque Patricios
116515.0,47.0,-34.6177722,-58.406557,Boedo
280000.0,81.0,-34.5726213,-58.4318144,Palermo
167000.0,56.0,-34.5971945424,-58.3879960952,Recoleta
89000.0,45.0,-34.6124034388,-58.4069293368,Balvanera
125000.0,68.0,-34.6200101,-58.43297,Caballito
146000.0,34.0,-34.5867608,-58.4291478,Palermo
78000.0,48.0,-34.6404945,-58.5290348,Flores
89900.0,50.0,-34.6145386963,-58.4762577092,Paternal
88600.0,50.0,-34.6308299,-58.459903,Flores
139000.0,90.0,-34.6247442,-58.4874628,Floresta
88000.0,55.0,-34.6079706,-58.3849339,Centro / Microcentro
73000.0,40.0,-34.6037137392,-58.3815808896,Caballito
175000.0,54.0,-34.6238636,-58.4885205,Floresta
67900.0,40.0,-34.632555,-58.362551,Boca
215000.0,85.0,-34.6148304,-58.4251842,Almagro
107000.0,48.0,-34.6046321,-58.3992651,Balvanera
79918.0,34.0,-34.6016525,-58.4910124,Villa del Parque
135000.0,60.0,-34.6044653,-58.4274665,Parque Centenario
195000.0,99.0,-34.589945,-58.422418,Palermo
198000.0,93.0,-34.5877884,-58.4143165,Barrio Norte
72500.0,33.0,-34.6213780165,-58.4469826183,Caballito
68000.0,32.0,-34.6036694,-58.462363,Paternal
250000.0,80.0,-34.5591964694,-58.4447883148,Belgrano
195000.0,67.0,-34.552783,-58.460054,Nuñez
112000.0,70.0,-34.6361642,-58.3620065,Boca
85900.0,52.0,-34.624106,-58.399168,San Cristobal
118000.0,78.0,-34.616411404,-58.3946017905,Congreso
70000.0,37.0,-34.599465,-58.430698,Villa Crespo
90000.0,55.0,-34.619047,-58.382978,Monserrat
128000.0,77.0,-34.618729,-58.400381,San Cristobal
115000.0,56.0,-34.612378,-58.4330782,Caballito
99800.0,32.0,-34.5749333,-58.4405969,Belgrano
98000.0,55.0,,,Villa Urquiza
125000.0,90.0,-34.6078094,-58.3893464,Congreso
106000.0,35.0,-34.621229,-58.4348028,Caballito
78000.0,45.0,-34.6125207,-58.4561366,Flores
119500.0,46.0,-34.6221128,-58.5074376,Monte Castro
84000.0,37.0,-34.61335,-58.38465,Centro / Microcentro
101000.0,32.0,-34.553811,-58.453759,Belgrano
105000.0,40.0,-34.5611737,-58.4625223,Belgrano
140000.0,51.0,-34.5997873,-58.4063241,Balvanera
125000.0,44.0,-34.6047861,-58.4618321,Villa General Mitre
101000.0,36.0,-34.62818,-58.429483,Caballito
95000.0,74.0,-34.638969,-58.359437,Boca
85000.0,34.0,-34.619118,-58.440485,Caballito
77000.0,35.0,-34.59475,-58.4398737,Villa Crespo
270000.0,98.0,-34.5609480964,-58.4673991624,Belgrano
146500.0,47.0,-34.552745,-58.462983,Nuñez
74900.0,32.0,-34.5709053627,-58.4959003381,Villa Urquiza
117000.0,81.0,-34.609105,-58.389823,Congreso
106000.0,54.0,-34.631054,-58.418663,Boedo
104000.0,45.0,-34.5793556,-58.4244275,Palermo
101400.0,39.0,-34.58233,-58.4735425,Villa Urquiza
138000.0,58.0,-34.5905097,-58.4407156,Villa Crespo
139000.0,50.0,-34.583728,-58.494165,Villa Pueyrredón
82000.0,47.0,-34.642693,-58.4996239,Villa Luro
135000.0,85.0,-34.6367696095,-58.4740062921,Flores
143000.0,53.0,-34.5720808,-58.4825026,Villa Urquiza
110760.0,42.0,-34.544171,-58.478875,Saavedra
155000.0,81.0,-34.6052475,-58.408818,Abasto
189000.0,90.0,-34.6404945,-58.5290348,Flores
75000.0,40.0,-34.6284918,-58.3909034,Constitución
123000.0,54.0,-34.6054995194,-58.4260067513,Parque Centenario
123041.0,47.0,,,San Telmo
145000.0,53.0,-34.5945862,-58.4134619,Barrio Norte
66000.0,33.0,-34.6211894244,-58.3930954842,San Cristobal
93000.0,49.0,-34.623811,-58.402516,San Cristobal
130000.0,55.0,-34.584888,-58.477156,Villa Urquiza
155000.0,76.0,-34.5964284,-58.41698,Palermo
88000.0,50.0,-34.6090608419,-58.3911251847,Congreso
108000.0,55.0,-34.6344384,-58.4723015,Flores
120000.0,38.0,-34.553796,-58.4568112,Belgrano
119000.0,54.0,-34.6096454,-58.4186777,Congreso
194500.0,83.0,-34.589358,-58.508849,Villa Devoto
133000.0,85.0,-34.613732,-58.385875,Monserrat
90000.0,42.0,-34.5442206,-58.4790748,Saavedra
116515.0,47.0,-34.6177722,-58.406557,San Cristobal
130000.0,49.0,-34.599595,-58.4344246,Villa Crespo
130000.0,48.0,-34.6067093,-58.4660949,Paternal
162000.0,55.0,-34.548789,-58.455977,Nuñez
142000.0,38.0,-34.5967384,-58.4155061,Palermo
69700.0,33.0,-34.597773,-58.448669,Villa Crespo
109000.0,43.0,-34.617316,-58.439627,Caballito
198000.0,72.0,-34.5691197,-58.4770947,Villa Urquiza
143000.0,47.0,-34.5573179,-58.4784663,Coghlan
139000.0,60.0,-34.602482,-58.427031,Almagro
84915.0,34.0,-34.5915446,-58.4093169,Palermo
163000.0,68.0,-34.5651194,-58.4689333,Belgrano
75000.0,72.0,-34.633502,-58.354381,Boca
129000.0,45.0,-34.5596657227,-58.4572770492,Belgrano
103600.0,38.0,,,Villa Urquiza
207500.0,83.0,-34.62784,-58.432331,Caballito
250000.0,65.0,-34.571181,-58.43488,Las Cañitas
156600.0,35.0,-34.5889201,-58.4002698,Barrio Norte
72000.0,38.0,-34.637834,-58.503098,Villa Luro
97500.0,38.0,-34.5590314,-58.456366,Belgrano
75000.0,38.0,-34.6140891,-58.4113361,Balvanera
130000.0,78.0,-34.633473,-58.470418,Flores
68000.0,42.0,-34.6285441,-58.3599534,Boca
155000.0,50.0,-34.5790348,-58.4923101,Villa Urquiza
128500.0,41.0,-34.5801536,-58.4300399,Palermo
176900.0,50.0,-34.5833625869,-58.4213482998,Palermo
108600.0,36.0,-34.597769,-58.42644,Villa Crespo
95000.0,46.0,-34.582592,-58.474125,Parque Chas
84300.0,31.0,-34.6223345908,-58.3917776825,San Cristobal
176000.0,44.0,-34.607026,-58.442438,Caballito
123000.0,59.0,-34.6213780165,-58.4469826183,Caballito
190000.0,65.0,-34.5378512,-58.4707306,Nuñez
269000.0,80.0,-34.5496717,-58.4758568,Saavedra
135000.0,40.0,-34.583754,-58.425947,Palermo
190000.0,56.0,-34.6238098664,-58.4397869669,Caballito
79000.0,40.0,-34.6147292,-58.460414,Flores
120000.0,71.0,-34.6002300408,-58.3768477861,San Nicolás
125000.0,59.0,-34.5977516,-58.5150757,Villa Devoto
181000.0,57.0,-34.6156249,-58.3844367,Monserrat
64900.0,39.0,-34.60672,-58.409157,Balvanera
165000.0,57.0,-34.570884,-58.4886936,Villa Urquiza
115000.0,42.0,-34.5628104,-58.4651202,Belgrano
97000.0,34.0,-34.6031267,-58.4410494,Villa Crespo
135000.0,54.0,-34.5865365,-58.4083262,Villa Crespo
85000.0,38.0,-34.5996145,-58.4148952,Almagro
150000.0,82.0,-34.6063237,-58.4030822,Once
79000.0,46.0,-34.62061,-58.369524,San Telmo
130000.0,48.0,-34.5726488,-58.4792471,Villa Urquiza
77000.0,36.0,-34.594012,-58.443662,Villa Crespo
125000.0,38.0,-34.5771478,-58.4457192,Colegiales
99000.0,42.0,-34.5469102,-58.47859,Nuñez
85000.0,35.0,-34.6125224,-58.4834587,Villa del Parque
63000.0,31.0,-34.6329048,-58.467208,Flores
230000.0,83.0,-34.6442699,-58.5025351,Villa Luro
160000.0,60.0,-34.566620259,-58.4326323692,Palermo
186530.0,67.0,-34.589548,-58.4193856,Palermo
185000.0,90.0,-34.6017250663,-58.3893313239,Barrio Norte
154000.0,60.0,-34.5797233,-58.477168,Villa Urquiza
149000.0,66.0,-34.617705,-58.437953,Caballito
52000.0,46.0,-34.629131,-58.38974,Constitución
167000.0,70.0,,,
145000.0,85.0,-34.606896,-58.407396,Once
93000.0,44.0,-34.6214046,-58.446962,Caballito
84900.0,39.0,-34.617321,-58.439614,Caballito
129000.0,55.0,,,
84000.0,33.0,-34.6125,-58.383333,Monserrat
85000.0,44.0,-34.653615,-58.509643,Mataderos
70000.0,32.0,-34.6367266,-58.4271454,Parque Chacabuco
110000.0,73.0,-34.619118,-58.388708,Monserrat
85000.0,37.0,-34.5708054,-58.484128,Villa Urquiza
74900.0,34.0,-34.549141,-58.4631203,Nuñez
112000.0,41.0,-34.556601,-58.398407,Recoleta
93000.0,39.0,-34.6572759,-58.5147798,Mataderos
164000.0,59.0,-34.6223398871,-58.4085322312,San Cristobal
145000.0,85.0,-34.6074056,-58.3988565,Balvanera
98000.0,45.0,-34.547878,-58.478442,Saavedra
141463.0,50.0,-34.572721,-58.483565,Villa Urquiza
115000.0,56.0,-34.6016016399,-58.406461613,Balvanera
220000.0,90.0,-34.5898043,-58.3922468,Recoleta
140275.0,31.0,-34.5679891,-58.4339848,Las Cañitas
115000.0,50.0,-34.5987445,-58.4370978,Villa Crespo
75000.0,50.0,-34.5989217,-58.3782608,Monserrat
119000.0,52.0,-34.619418,-58.371539,San Telmo
59000.0,36.0,-34.611784591,-58.3967046424,Congreso
272000.0,97.0,-34.591424,-58.407354,Palermo
149000.0,41.0,-34.5905056946,-58.4174528466,Palermo
95000.0,43.0,-34.610475508,-58.4004474359,Balvanera
156000.0,60.0,-34.625837,-58.372437,San Telmo
110000.0,58.0,-34.625621,-58.460172,Flores
168000.0,48.0,-34.5804119,-58.4295334,Palermo
107000.0,33.0,-34.5379063,-58.4666155,Nuñez
190000.0,59.0,-34.5627217,-58.4694253,Belgrano
90000.0,45.0,-34.629195,-58.469256,Flores
69000.0,35.0,-34.6046099,-58.3982173,Balvanera
115000.0,56.0,-34.6072248,-58.4427976,Caballito
154178.0,48.0,-34.562909,-58.465303,Belgrano
72000.0,37.0,-34.629231,-58.460781,Flores
130000.0,40.0,-34.607893,-58.5151304,Villa Devoto
158000.0,64.0,-34.5961219,-58.4255006,Palermo
129500.0,65.0,-34.6299244,-58.4098381,Parque Patricios
160000.0,65.0,-34.5800551977,-58.4966889656,Villa Pueyrredón
110000.0,75.0,-34.5842516,-58.4548321,Chacarita
140000.0,57.0,,,Saavedra
232000.0,92.0,-34.5965203,-58.4009113,Barrio Norte
126500.0,57.0,-34.604689,-58.494072,Villa del Parque
101684.0,38.0,-34.54179,-58.476815,Nuñez
73000.0,40.0,-34.6116108,-58.4287575,Caballito
67000.0,34.0,-34.627451,-58.453165,Caballito
60000.0,40.0,-34.6308777,-58.4803282,Floresta
85000.0,32.0,-34.6008084,-58.4344328,Villa Crespo
155000.0,49.0,-34.620698,-58.4284928,Caballito
250000.0,72.0,-34.5593858092,-58.4616477103,Belgrano
244000.0,58.0,-34.5976339,-58.3783723,Retiro
64600.0,39.0,-34.60944,-58.411667,Balvanera
87000.0,57.0,-34.629068,-58.360396,Boca
179000.0,37.0,-34.5825646,-58.4236344,Palermo
125000.0,50.0,-34.547976,-58.463136,Nuñez
129000.0,48.0,-34.5478272799,-58.4703070534,Saavedra
135000.0,80.0,-34.6345812,-58.5015024,Villa Luro
286000.0,90.0,-34.565842,-58.435507,Palermo
140000.0,38.0,-34.5756791994,-58.4305388774,Palermo
86000.0,43.0,-34.617321,-58.439614,Caballito
180000.0,61.0,-34.6287475,-58.4293067,Caballito
210000.0,75.0,-34.6205971,-58.4608572,Flores
140000.0,57.0,-34.632966,-58.373339,Barracas
70000.0,40.0,-34.6056178,-58.4036518,Once
82000.0,46.0,-34.61503,-58.4947849,Monte Castro
129000.0,63.0,-34.608634,-58.425664,Almagro
109000.0,38.0,-34.564093,-58.441858,Palermo
110000.0,32.0,-34.5729833,-58.4388579,Belgrano
140000.0,47.0,-34.5731925,-58.4801467,Villa Urquiza
140000.0,60.0,-34.5696456,-58.4330694,Las Cañitas
180000.0,97.0,-34.604583,-58.448188,Villa Crespo
290000.0,64.0,-34.5391220134,-58.4747129911,Saavedra
159000.0,90.0,-34.619842,-58.442996,Caballito
62000.0,57.0,-34.666729,-58.474925,Villa Lugano
80000.0,35.0,-34.6036844,-58.3815591,Villa Devoto
125000.0,48.0,-34.578765,-58.428306,Palermo
99500.0,40.0,-34.5636408,-58.4903092,Saavedra
185000.0,83.0,-34.6358178,-58.3753531,Barracas
135000.0,77.0,-34.6237507,-58.407206,Boedo
280000.0,87.0,-34.5704031,-58.4404497,Belgrano
105000.0,58.0,-34.586669,-58.453562,Chacarita
125000.0,70.0,-34.6149405366,-58.452665673,San Nicolás
94900.0,34.0,-34.593845,-58.391698,Recoleta
110000.0,55.0,-34.6257703,-58.4609992,Flores
124000.0,48.0,-34.5972203498,-58.4034064606,Barrio Norte
65000.0,37.0,-34.62279,-58.390789,San Cristobal
67000.0,33.0,-34.599461,-58.378268,Recoleta
225000.0,62.0,-34.5786252581,-58.4140388185,Palermo
97000.0,60.0,-34.614367,-58.494236,Villa del Parque
130000.0,80.0,-34.6053377,-58.4081629,Once
129301.0,49.0,,,San Telmo
150000.0,50.0,-34.6405283,-58.5294588,Villa Luro
89000.0,40.0,-34.6142467,-58.4791603,Flores
280000.0,81.0,-34.5667948,-58.4312863,
353000.0,101.0,-34.577292,-58.423147,Palermo
168000.0,70.0,-34.612009,-58.430257,Caballito
147000.0,60.0,-34.5564581,-58.4599763,Belgrano
229000.0,60.0,-34.575508,-58.4381403,Belgrano
215000.0,44.0,-34.5591199,-58.4548692,Belgrano
108500.0,33.0,-34.5429702282,-58.4752032381,Saavedra
120000.0,70.0,,,Floresta
89000.0,33.0,-34.6109658,-58.4179627,Almagro
129000.0,89.0,-34.6044407,-58.5241252,Villa Devoto
330000.0,100.0,-34.6396095,-58.506936,Villa Luro
213700.0,64.0,-34.597769,-58.42644,Villa Crespo
73000.0,32.0,-34.579058,-58.486469,Villa Urquiza
185000.0,80.0,-34.5906099,-58.4091595,Barrio Norte
89900.0,48.0,-34.6241530993,-58.4499722794,Flores
97000.0,32.0,-34.5469102,-58.47859,Saavedra
75000.0,42.0,-34.6240312351,-58.3903081545,Constitución
180000.0,57.0,-34.5627217,-58.4694253,Coghlan
94000.0,48.0,-34.597236,-58.511714,Villa Devoto
90000.0,40.0,-34.633484,-58.369518,Boca
62000.0,40.0,-34.622522,-58.417254,Boedo
150000.0,85.0,-34.6120655,-58.4057337,San Cristobal
124900.0,60.0,-34.621184,-58.428984,Caballito
127400.0,37.0,-34.62818,-58.429483,Caballito
159000.0,54.0,-34.6015609,-58.4333731,Villa Crespo
141000.0,59.0,-34.546659,-58.479767,Saavedra
105000.0,97.0,-34.627617,-58.359033,Boca
86000.0,37.0,-34.577601,-58.470248,Belgrano
118900.0,53.0,-34.5425158316,-58.4764863962,Nuñez
90000.0,42.0,-34.59962,-58.401926,Recoleta
125000.0,38.0,-34.5775932,-58.4920075,Villa Urquiza
85000.0,38.0,-34.6209491,-58.442974,Caballito
80000.0,45.0,-34.5984405,-58.4129041,Palermo
218000.0,81.0,-34.576806,-58.4308,Palermo
102000.0,49.0,-34.6177615,-58.383662,Centro / Microcentro
145000.0,55.0,-34.5661178,-58.4587064,Belgrano
206000.0,85.0,-34.5569856358,-58.4680478196,Nuñez
150000.0,78.0,,,
76500.0,32.0,-34.6173396,-58.4493817,Caballito
267000.0,51.0,-34.577384,-58.424888,Palermo
75000.0,44.0,-34.6128697,-58.4068192,Once
138000.0,40.0,-34.5696989,-58.4336322,Palermo
157000.0,73.0,-34.5851389,-58.4123152,Barrio Norte
160000.0,68.0,-34.5978238,-58.4431979,Villa Crespo
66000.0,45.0,-34.6253586,-58.4705029,Flores
94000.0,39.0,-34.573988,-58.489945,Villa Urquiza
71000.0,43.0,-34.6037232,-58.3815931,Congreso
90000.0,42.0,-34.6421604,-58.423024,Parque Chacabuco
119000.0,78.0,-34.624645,-58.451278,Caballito
169500.0,94.0,-34.6264702225,-58.4403973643,Caballito
97800.0,38.0,-34.5780621,-58.4952915,Villa Urquiza
118000.0,41.0,-34.5711496,-58.4232966,Palermo
215566.0,83.0,-34.579394,-58.455398,Colegiales
235000.0,73.0,-34.585339,-58.435153,Palermo
217525.0,56.0,-34.6153103,-58.3619834,Puerto Madero
75000.0,39.0,-34.6076143,-58.4605688,Caballito
135000.0,62.0,-34.6040528,-58.4110436,Villa Crespo
390000.0,75.0,-34.5807759,-58.4136916,Palermo
135000.0,60.0,-34.5516948,-58.470179,Nuñez
158500.0,49.0,-34.597769,-58.42644,Villa Crespo
91000.0,32.0,-34.6266085,-58.4503212,Caballito
139000.0,50.0,-34.5978249,-58.4164389,Palermo
120000.0,81.0,-34.6120566,-58.4071408,Balvanera
95000.0,33.0,,,Las Cañitas
152785.0,43.0,-34.567695,-58.433948,Palermo
122000.0,72.0,-34.628476,-58.427567,Caballito
95000.0,36.0,-34.6033902,-58.41308,Abasto
118000.0,67.0,-34.58751,-58.510665,Villa Devoto
85000.0,47.0,-34.632555,-58.462852,Flores
164000.0,62.0,-34.5677417,-58.4696969,
140000.0,49.0,-34.597824,-58.416438,Palermo
62000.0,40.0,-34.6008733,-58.3781796,San Nicolás
85000.0,54.0,-34.628163,-58.362308,Boca
105000.0,47.0,-34.6042246,-58.4273309,Almagro
119500.0,35.0,-34.624622,-58.409106,San Cristobal
170000.0,40.0,-34.5594846,-58.4451392,Belgrano
85284.0,31.0,-34.6014487472,-58.3971252862,Barrio Norte
81000.0,41.0,-34.6191016,-58.4415901,Caballito
145000.0,68.0,-34.5817243644,-58.445440337,Colegiales
136000.0,61.0,-34.629394,-58.506856,Monte Castro
190000.0,100.0,-34.6011276,-58.4037911,Once
126600.0,32.0,-34.56765,-58.434463,Palermo
195000.0,53.0,-34.5681113,-58.4334831,Las Cañitas
138000.0,59.0,-34.5982393,-58.4250113,Palermo
93500.0,39.0,-34.5694673,-58.4567917,Belgrano
78000.0,66.0,,,Villa Lugano
310000.0,68.0,-34.5821086808,-58.4268678992,Recoleta
139000.0,94.0,-34.628123,-58.371692,Barracas
106000.0,56.0,-34.6092021271,-58.3908891503,Congreso
110000.0,52.0,-34.5942724,-58.4949974,Agronomía
99000.0,55.0,-34.6056008,-58.4054186,Balvanera
98500.0,47.0,-34.6315732,-58.417363,Boedo
88000.0,38.0,-34.5673792,-58.4856942,Villa Urquiza
115000.0,76.0,-34.635302,-58.500989,Villa Luro
157000.0,62.0,-34.5799161,-58.4900967,Villa Urquiza
83000.0,36.0,-34.5544937,-58.4831284,Nuñez
110000.0,46.0,-34.5861669,-58.4223194,Palermo
123000.0,80.0,-34.6167443,-58.3890347,Monserrat
121472.0,31.0,,,Palermo
108000.0,45.0,-34.6047969,-58.454126,Villa Crespo
180000.0,41.0,-34.5595231,-58.4452115,Belgrano
130000.0,40.0,-34.580784,-58.490679,Villa Urquiza
50000.0,32.0,-34.6269608,-58.4833222,Floresta
115000.0,35.0,-34.5731012,-58.4611833,Belgrano
255000.0,81.0,-34.567786,-58.459211,Belgrano
79000.0,40.0,-34.6037137392,-58.3815808896,Floresta
111000.0,41.0,-34.598681,-58.4824163,Agronomía
73000.0,31.0,-34.5775686,-58.496403,Villa Urquiza
111359.0,47.0,-34.6244409,-58.3742755,San Telmo
192000.0,87.0,-34.608054178,-58.4549751703,Caballito
175000.0,74.0,-34.617321,-58.439614,Caballito
139000.0,42.0,-34.597769,-58.42644,Villa Crespo
90000.0,36.0,-34.5737070431,-58.489335892,Villa Urquiza
75000.0,45.0,-34.6344725,-58.5241958,Versalles
140000.0,38.0,-34.5458624,-58.5161815,Caballito
185000.0,40.0,-34.5897359431,-58.4233597126,Palermo
110000.0,48.0,-34.604265,-58.456213,Villa Crespo
125000.0,42.0,-34.6064187,-58.4648857,Caballito
69000.0,33.0,-34.6213780165,-58.4469826183,Caballito
127000.0,47.0,-34.6223362,-58.4348699,Caballito
80000.0,36.0,,,Villa Crespo
108000.0,51.0,-34.645403,-58.5146792,Liniers
137000.0,74.0,-34.6349102655,-58.4732609116,Floresta
146000.0,55.0,-34.56362,-58.438833,Palermo
77500.0,33.0,-34.6259750916,-58.5037269609,Monte Castro
159000.0,97.0,-34.6293639,-58.465073,Flores
145000.0,79.0,-34.623142,-58.3961013,San Cristobal
190000.0,77.0,-34.5900658,-58.4109435,Palermo
185000.0,81.0,-34.554544,-58.45539,Belgrano
120000.0,44.0,-34.590471,-58.415101,Palermo
89000.0,42.0,-34.6572422,-58.5029706,Mataderos
75000.0,33.0,-34.6123775,-58.4127914,Balvanera
140000.0,70.0,-34.5976485,-58.3783562,Retiro
86000.0,46.0,-34.6328672,-58.4777821,Floresta
118000.0,67.0,-34.615162,-58.498426,Monte Castro
149500.0,47.0,-34.588829,-58.41863,Palermo
85000.0,43.0,-34.6105808,-58.4796249,Villa del Parque
74500.0,31.0,-34.6170265,-58.4484746,Caballito
58900.0,35.0,-34.587026,-58.453639,Chacarita
140500.0,39.0,-34.5429344,-58.4617742,Nuñez
89000.0,42.0,-34.6290828,-58.4548713,Caballito
111200.0,48.0,-34.6320983324,-58.3703631259,Barracas
180000.0,91.0,-34.6037137392,-58.3815808896,Villa Devoto
258000.0,63.0,-34.5744675,-58.4203341,Palermo
101000.0,37.0,-34.62818,-58.429483,Caballito
355000.0,97.0,-34.581079,-58.414191,Palermo
89000.0,32.0,-34.568649,-58.431265,Las Cañitas
75000.0,67.0,-34.626149,-58.47361,Flores
169900.0,50.0,-34.5633493,-58.4394754,Belgrano
75000.0,35.0,-34.60032,-58.442637,Villa Crespo
145000.0,67.0,-34.598369,-58.427784,Caballito
145000.0,33.0,-34.5948188,-58.4006219,Recoleta
269800.0,94.0,-34.552059,-58.44336,Belgrano
110000.0,55.0,-34.606367,-58.431709,Parque Centenario
138000.0,57.0,-34.6424263352,-58.5209014701,Liniers
83000.0,37.0,-34.5653209202,-58.4716025037,Coghlan
89000.0,47.0,-34.648546,-58.5138215,Liniers
220000.0,70.0,-34.5834123,-58.4412702,Palermo
127000.0,82.0,-34.605351,-58.408226,Balvanera
82000.0,38.0,-34.6211318,-58.4189063,San Cristobal
180000.0,75.0,-34.595028,-58.403986,Recoleta
113000.0,47.0,-34.612484,-58.437748,Caballito
135000.0,62.0,-34.5589314,-58.4441875,Belgrano
206700.0,48.0,-34.613199,-58.44123,Caballito
95000.0,55.0,-34.546881,-58.478658,Saavedra
130000.0,35.0,-34.5846812,-58.4305212,Palermo
210000.0,89.0,-34.6084489,-58.4005012,Almagro
124900.0,34.0,-34.6026083,-58.4278007,Almagro
220000.0,64.0,-34.5813639,-58.4493017,Colegiales
124000.0,50.0,-34.615939,-58.393536,Balvanera
85000.0,44.0,-34.591023,-58.425491,Palermo
130000.0,47.0,-34.5854404653,-58.4114103814,Palermo
217525.0,56.0,-34.6153103,-58.3619834,Puerto Madero
52000.0,33.0,-34.637218,-58.459827,Flores
239700.0,70.0,-34.5792766,-58.4548804,Colegiales
260000.0,95.0,-34.6059562,-58.395036,Balvanera
85000.0,38.0,-34.5905502,-58.488969,Villa Pueyrredón
122200.0,40.0,-34.5687846,-58.4768939,Villa Urquiza
86000.0,40.0,,,Floresta
260000.0,80.0,-34.5707664,-58.4487105,Colegiales
194618.0,71.0,-34.61098,-58.417856,Almagro
120000.0,64.0,-34.6233845,-58.4661515,Flores
179500.0,90.0,-34.6038671,-58.425817,Almagro
145000.0,44.0,-34.5550271303,-58.4670778307,Belgrano
142000.0,50.0,-34.59770557,-58.4166613563,Palermo
150000.0,67.0,-34.6041361,-58.4419685,Parque Centenario
85900.0,51.0,-34.605643,-58.455291,Caballito
210000.0,80.0,-34.6214241397,-58.4604471156,Flores
124900.0,51.0,-34.62325,-58.447845,Caballito
98511.0,47.0,-34.570083,-58.476073,Villa Urquiza
145000.0,85.0,-34.59713,-58.442373,Villa Crespo
69000.0,45.0,-34.6271882,-58.4743662,Flores
92000.0,44.0,-34.6324033,-58.3703682,Barracas
100000.0,34.0,-34.5859299,-58.4404055,Palermo
122000.0,55.0,,,Saavedra
165000.0,86.0,-34.637834,-58.503098,Villa Luro
89000.0,53.0,-34.6,-58.483333,Villa del Parque
75000.0,36.0,-34.6064263,-58.3863572,Barrio Norte
157590.0,74.0,-34.598737,-58.426602,Villa Crespo
137150.0,44.0,-34.5550271303,-58.4670778307,Belgrano
92000.0,53.0,-34.6248788,-58.4627461,Flores
150000.0,80.0,-34.6003579,-58.4372479,Villa Crespo
105000.0,34.0,-34.5777652,-58.4310157,Palermo
105200.0,47.0,-34.605643,-58.455291,Villa Crespo
95000.0,38.0,-34.6037232,-58.3815931,Nuñez
160000.0,60.0,-34.564323,-58.441008,Palermo
85000.0,38.0,-34.6036844,-58.3815591,San Cristobal
149000.0,58.0,-34.5784188,-58.4832083,Villa Urquiza
150000.0,50.0,-34.6405283,-58.5294588,Villa Luro
188500.0,94.0,-34.6017314,-58.4466016,Villa Crespo
149000.0,68.0,-34.6280496,-58.4572772,Flores
235000.0,65.0,-34.5418083,-58.4803721,Saavedra
70000.0,38.0,-34.616928,-58.502347,Monte Castro
78900.0,37.0,-34.6011254,-58.4059164,Almagro
85000.0,38.0,-34.6166963,-58.4191662,Almagro
130000.0,40.0,-34.5743180203,-58.431506126,Palermo
125000.0,32.0,-34.5451254,-58.4605224,Nuñez
92000.0,67.0,-34.6072575,-58.4206254,Almagro
80000.0,34.0,-34.61335,-58.38465,Monserrat
198000.0,64.0,-34.598882,-58.378417,Barrio Norte
125000.0,33.0,-34.5936063236,-58.3938637201,Barrio Norte
185014.0,57.0,-34.612287,-58.422895,Almagro
160000.0,80.0,-34.6190778,-58.4990497,Monte Castro
79000.0,31.0,-34.6173479,-58.4494037,Caballito
170000.0,90.0,-34.603409,-58.404952,Once
99000.0,44.0,-34.575384,-58.472618,Villa Urquiza
280000.0,98.0,-34.5895313,-58.4095194,Barrio Norte
209000.0,65.0,-34.627187,-58.436751,Caballito
100000.0,43.0,-34.584261,-58.453621,Chacarita
135000.0,60.0,-34.6301789,-58.4482157,Caballito
125000.0,43.0,-34.606305,-58.431656,Villa Crespo
97000.0,43.0,-34.6128601,-58.4922702,Villa del Parque
150000.0,51.0,-34.618506,-58.430918,Caballito
145000.0,77.0,-34.623961,-58.468026,Flores
119000.0,45.0,-34.572321,-58.433547,Palermo
185000.0,45.0,-34.540334,-58.473485,Nuñez
115000.0,80.0,-34.5933390298,-58.5201797476,Villa Devoto
105000.0,37.0,-34.588165,-58.396068,Recoleta
210000.0,80.0,-34.5497832,-58.4843408,Saavedra
145000.0,75.0,-34.6089118,-58.3882856,Balvanera
102414.0,46.0,-34.5904622,-58.370987,Paternal
232000.0,85.0,-34.558,-58.446553,Belgrano
125000.0,42.0,-34.6217529,-58.5269249,Villa Real
300000.0,60.0,-34.6212755,-58.3613436,Retiro
85000.0,36.0,-34.5852878,-58.4414451,Palermo
113000.0,47.0,-34.612484,-58.437748,Caballito
105000.0,46.0,-34.5818909,-58.4518873,Colegiales
220000.0,76.0,-34.573193,-58.481426,Villa Urquiza
75000.0,37.0,-34.6204377797,-58.4431429509,Caballito
88000.0,36.0,-34.6198921,-58.4432801,Caballito
155000.0,39.0,-34.5861553,-58.4300609,Palermo
93975.0,31.0,-34.595916,-58.408314,Recoleta
110000.0,61.0,-34.571436,-58.482973,Villa Urquiza
99879.0,46.0,-34.5904622,-58.370987,Paternal
79000.0,45.0,-34.597872,-58.379009,Centro / Microcentro
259000.0,85.0,-34.5688186,-58.4360816,Las Cañitas
78000.0,45.0,-34.615427,-58.494869,Villa del Parque
95000.0,34.0,-34.6035914,-58.440711,Villa Crespo
115000.0,38.0,-34.5986642,-58.3964746,Barrio Norte
104000.0,38.0,-34.6046683,-58.4579128,Paternal
75000.0,31.0,-34.620043,-58.462678,Flores
100439.0,45.0,-34.593335,-58.442214,Villa Crespo
330000.0,100.0,-34.5923554,-58.394714,Barrio Norte
120000.0,60.0,-34.6475267,-58.525119,Liniers
149000.0,52.0,-34.6298499,-58.4368596,Caballito
189500.0,52.0,-34.5701438,-58.434385,Palermo
130000.0,45.0,-34.571162,-58.4869887,Villa Urquiza
82000.0,66.0,-34.6112699,-58.4059287,Balvanera
205000.0,70.0,-34.599639,-58.501716,Villa Devoto
124000.0,45.0,-34.5811121,-58.424293,Palermo
137000.0,60.0,,,Floresta
98800.0,52.0,-34.609405,-58.411689,Balvanera
270000.0,70.0,-34.5415789,-58.4631859,Nuñez
120000.0,46.0,-34.5559731,-58.4620139,Belgrano
130000.0,39.0,-34.5413646,-58.4633598,Nuñez
73000.0,32.0,-34.603328,-58.397447,Barrio Norte
173500.0,68.0,-34.6283022,-58.4368221,Caballito
245000.0,96.0,-34.596335,-58.409886,Barrio Norte
135000.0,46.0,-34.6555941,-58.5182496,Mataderos
125000.0,56.0,-34.589863,-58.41967,Palermo
33878.0,40.0,-34.5413289,-58.473409,Nuñez
99000.0,74.0,-34.6072023,-58.4035194,Once
138000.0,62.0,-34.5690486777,-58.4842095918,Villa Urquiza
150000.0,92.0,-34.601569139,-58.3985686877,Once
70000.0,37.0,-34.625227,-58.457758,Flores
92000.0,38.0,-34.5982462871,-58.4055695881,Villa Crespo
60000.0,31.0,-34.6313456071,-58.4841576043,Floresta
280000.0,88.0,-34.594039,-58.394823,Recoleta
78000.0,43.0,-34.6412092,-58.4200935,Pompeya
97500.0,39.0,-34.5636408,-58.4903092,Saavedra
184300.0,97.0,-34.619683,-58.3992,San Cristobal
81000.0,36.0,-34.61335,-58.38465,Monserrat
215000.0,77.0,-34.57928,-58.481988,Villa Urquiza
165000.0,56.0,-34.5664823,-58.4340781,Palermo
240000.0,63.0,-34.5980292121,-58.4133384228,Recoleta
160000.0,85.0,-34.6001819,-58.4393002,Villa Crespo
159000.0,48.0,-34.572641,-58.474684,Villa Urquiza
140000.0,72.0,-34.6265698,-58.3768071,San Telmo
85000.0,44.0,-34.6449187,-58.4925495,Parque Avellaneda
350000.0,100.0,-34.555317,-58.4571433,Belgrano
145000.0,96.0,-34.618893,-58.461994,Flores
87000.0,41.0,-34.625439,-58.45572,Caballito
88000.0,42.0,-34.6106110157,-58.4795902886,Villa del Parque
105500.0,46.0,-34.60808733,-58.43089266,Villa Crespo
129000.0,60.0,-34.597177,-58.404191,Barrio Norte
99600.0,40.0,-34.58233,-58.4735425,Villa Urquiza
139000.0,52.0,-34.5427503,-58.4601452,Nuñez
79000.0,38.0,-34.6199795251,-58.3878835905,Monserrat
137000.0,60.0,-34.6017058,-58.3880149,Barrio Norte
148000.0,75.0,-34.588987,-58.407955,Recoleta
276000.0,73.0,-34.5711496,-58.4232966,Palermo
98000.0,63.0,-34.6516134,-58.5267535,Liniers
56700.0,37.0,-34.628776,-58.387857,Constitución
87000.0,33.0,-34.553796,-58.4568112,Belgrano
82000.0,31.0,-34.5604955,-58.4660471,Belgrano
94900.0,39.0,-34.574642,-58.489966,Villa Urquiza
195000.0,65.0,-34.6100388,-58.4526612,Caballito
95300.0,39.0,,,Caballito
198000.0,73.0,-34.5771892,-58.4957969,Villa Urquiza
80300.0,31.0,,,Congreso
70000.0,32.0,-34.5907409831,-58.4487530794,Chacarita
298000.0,94.0,-34.5720545,-58.4745649,Villa Urquiza
115000.0,45.0,-34.597982,-58.426876,Almagro
95000.0,54.0,-34.6411543,-58.3674773,Barracas
69000.0,48.0,,,Floresta
99000.0,51.0,-34.586916,-58.4525821,Chacarita
89900.0,48.0,-34.5624006,-58.4866636,Villa Urquiza
115000.0,33.0,-34.5842941,-58.4004689,Palermo
140400.0,41.0,-34.5618075,-58.4674306,Coghlan
89000.0,38.0,-34.584712,-58.444927,Palermo
79000.0,39.0,-34.6153696,-58.4997541,Monte Castro
150000.0,77.0,-34.6298855,-58.4098612,Parque Patricios
210000.0,64.0,-34.595987,-58.409749,Recoleta
110000.0,38.0,,,
115000.0,53.0,-34.5835666,-58.5021711,Villa Pueyrredón
85000.0,64.0,-34.6414216,-58.527605127,Liniers
86000.0,67.0,-34.639696,-58.524867,Liniers
100000.0,70.0,-34.6059647,-58.3975048,Once
100000.0,55.0,-34.604596,-58.397662,Balvanera
187600.0,71.0,-34.61098,-58.417856,Almagro
67000.0,37.0,-34.6085015607,-58.3991006615,Balvanera
120000.0,42.0,-34.624235218,-58.3696383829,San Telmo
190000.0,100.0,-34.608432,-58.39994,Balvanera
285000.0,80.0,-34.5710640663,-58.453650159,Belgrano
136000.0,45.0,-34.599595,-58.4344246,Villa Crespo
79000.0,39.0,-34.613487,-58.377533,San Telmo
269000.0,80.0,-34.5496717,-58.4758568,Saavedra
88000.0,36.0,-34.5946978,-58.4421398,Villa Crespo
136000.0,56.0,-34.596794,-58.440936,Villa Crespo
100000.0,49.0,-34.5636408,-58.4903092,Nuñez
112000.0,60.0,-34.6037137392,-58.3815808896,Almagro
118000.0,34.0,-34.5813143,-58.4419432,Palermo
159000.0,57.0,-34.585171,-58.441472,Palermo
125000.0,68.0,-34.6262815,-58.4538101,Flores
152900.0,57.0,-34.6496586,-58.4606052,Flores
57983.0,35.0,-34.6186349,-58.478887,Flores
149000.0,62.0,-34.549625,-58.4841054,Saavedra
81000.0,44.0,-34.609502,-58.411796,Balvanera
72000.0,75.0,-34.660551,-58.46745,Villa Lugano
175000.0,70.0,-34.5955242591,-58.4184250598,Palermo
275000.0,68.0,-34.5490391,-58.4559826,Nuñez
99000.0,45.0,-34.6276247,-58.4529543,Caballito
65000.0,36.0,-34.609502,-58.411796,Balvanera
105000.0,46.0,-34.60808733,-58.43089266,Parque Centenario
79900.0,42.0,-34.601981,-58.496071,Villa del Parque
138000.0,51.0,-34.5576080248,-58.4805825768,Saavedra
110000.0,46.0,-34.5943350116,-58.4412674103,Villa Crespo
78000.0,43.0,-34.6013305,-58.5031743,Villa del Parque
92000.0,41.0,-34.6025483,-58.4536735,Villa Crespo
101000.0,37.0,-34.556809,-58.457834,Belgrano
240000.0,85.0,-34.5427503,-58.4601452,Nuñez
83000.0,37.0,-34.6244262,-58.3973636,San Cristobal
95000.0,32.0,-34.6125822,-58.4192102,Almagro
148000.0,74.0,-34.6124380115,-58.4131626769,Congreso
119000.0,47.0,-34.6201858,-58.4387336,Caballito
86000.0,47.0,-34.602067,-58.402305,Balvanera
185000.0,71.0,-34.6116955,-58.4358361,Caballito
200000.0,94.0,-34.5993542,-58.3882087,Barrio Norte
201929.0,82.0,,,Palermo
155000.0,57.0,,,Saavedra
73000.0,37.0,-34.6117492708,-58.3968333884,Congreso
180500.0,52.0,-34.5942008,-58.3983247,Recoleta
79900.0,42.0,-34.5746723,-58.4911482,Villa Urquiza
105000.0,50.0,-34.6285518,-58.4525334,Caballito
235000.0,86.0,-34.5568584378,-58.4597012514,Belgrano
65000.0,38.0,,,
115000.0,60.0,-34.635559,-58.44027,Parque Chacabuco
115000.0,45.0,-34.597982,-58.426876,Almagro
206500.0,72.0,-34.587953,-58.414446,Palermo
85000.0,46.0,-34.62273,-58.393,San Cristobal
76900.0,47.0,-34.617942,-58.460455,Flores
63500.0,31.0,-34.623665,-58.407129,San Cristobal
210000.0,81.0,-34.5918008,-58.3959778,Recoleta
144000.0,50.0,-34.573917,-58.489945,Villa Urquiza
150000.0,67.0,-34.6041251538,-58.442040076,Villa Crespo
80500.0,34.0,-34.6177615,-58.383662,Monserrat
120000.0,50.0,-34.5887112,-58.4360871,Palermo
119000.0,60.0,-34.5746426,-58.4848817,Villa Urquiza
65800.0,38.0,-34.5977934,-58.4476046,Villa Crespo
147000.0,47.0,-34.589104,-58.422579,Palermo
168000.0,70.0,-34.5998284,-58.4121934,Almagro
110000.0,50.0,-34.685943,-58.5439579,Parque Centenario
118403.0,47.0,-34.6244303,-58.3741828,San Telmo
208202.0,56.0,-34.6153103,-58.3619834,Puerto Madero
232000.0,72.0,-34.6196851,-58.4451096,Caballito
85900.0,46.0,-34.6296377,-58.4606423,Flores
145000.0,56.0,-34.563757,-58.440871,Palermo
79278.0,34.0,-34.5934359,-58.4422851,Villa Crespo
114000.0,51.0,-34.5421771,-58.4766418,Saavedra
87000.0,51.0,-34.6178301,-58.4757917,Flores
152000.0,67.0,-34.5778922,-58.4864031,Villa Urquiza
260000.0,93.0,-34.560985,-58.454054,Belgrano
80000.0,60.0,-34.6389694,-58.3594365,Boca
225000.0,38.0,-34.622278,-58.344687,Puerto Madero
212500.0,85.0,-34.6277787,-58.4324062,Caballito
95000.0,58.0,-34.613219,-58.476341,Villa Santa Rita
160000.0,90.0,-34.6189553,-58.3975112,Balvanera
79000.0,43.0,-34.62385,-58.377764,San Telmo
99200.0,45.0,-34.6157142,-58.4170204,Almagro
175000.0,60.0,-34.582627,-58.451825,Colegiales
180000.0,101.0,-34.624769,-58.454697,Flores
115000.0,41.0,-34.6035914,-58.440711,Villa Crespo
70000.0,31.0,-34.6165677784,-58.4774428246,Villa Santa Rita
95000.0,42.0,-34.639115,-58.501696,Villa Luro
99000.0,74.0,-34.6068749426,-58.4035281821,Congreso
183522.0,71.0,-34.61098,-58.417856,Almagro
87000.0,40.0,-34.6386842051,-58.4664537556,Flores
150000.0,45.0,-34.5978662,-58.415931,Palermo
79000.0,35.0,-34.6133619,-58.38541,Monserrat
185000.0,67.0,-34.5882178,-58.3923366,Recoleta
75000.0,34.0,-34.6173517,-58.4427535,Caballito
132000.0,37.0,-34.5801536,-58.4300399,Palermo
190000.0,75.0,-34.558971,-58.456353,Belgrano
90000.0,33.0,-34.5963168,-58.4243077,Palermo
148500.0,46.0,-34.581337,-58.433876,Palermo
185000.0,80.0,-34.5662608728,-58.439400719,Belgrano
80000.0,36.0,-34.577264,-58.4893255,Villa Urquiza
94000.0,37.0,-34.5538454266,-58.4919050998,Saavedra
91000.0,38.0,-34.559087,-58.474347,Coghlan
220000.0,75.0,-34.6016359,-58.4232974,Almagro
150000.0,85.0,-34.6120655,-58.4057337,San Cristobal
160000.0,67.0,-34.6183576,-58.4289305,Almagro
150000.0,64.0,-34.5996655,-58.4302927,Villa Crespo
135000.0,60.0,-34.5998438,-58.3869571,Barrio Norte
129000.0,63.0,-34.633305,-58.460677,Flores
126400.0,45.0,-34.5749336,-58.4405971,Palermo
110000.0,66.0,-34.6054566991,-58.4632434876,Paternal
97000.0,34.0,-34.616875,-58.391433,Monserrat
145000.0,43.0,-34.6225406,-58.4084786,San Cristobal
67000.0,35.0,-34.624714,-58.375816,San Telmo
150000.0,50.0,-34.6405283,-58.5294588,Villa Luro
105000.0,33.0,-34.537946,-58.46659,Nuñez
99000.0,74.0,-34.6072023,-58.4035194,Congreso
113000.0,44.0,-34.5645857,-58.4601301,Belgrano
92400.0,32.0,-34.586191,-58.440431,Palermo
260000.0,76.0,-34.5869274,-58.3987955,Barrio Norte
99000.0,40.0,-34.607418384,-58.4221878473,Almagro
74000.0,36.0,-34.576726,-58.495245,Villa Urquiza
115000.0,44.0,-34.6027318069,-58.3982362578,Barrio Norte
246000.0,100.0,-34.5915879,-58.4111098,Barrio Norte
202000.0,55.0,-34.5546754,-58.4673519,Nuñez
180000.0,48.0,-34.5957565,-58.3857397,Recoleta
105600.0,48.0,-34.597713,-58.424199,Palermo
165000.0,50.0,-34.5832049,-58.4444227,Belgrano
254000.0,85.0,-34.5495227,-58.4692294,Nuñez
106700.0,43.0,-34.5679755,-58.4853085,Villa Urquiza
100000.0,48.0,-34.6129115,-58.4697698,Villa General Mitre
125000.0,55.0,-34.6103134,-58.4515953,Caballito
89500.0,40.0,-34.6202466,-58.4165902,Almagro
159000.0,70.0,-34.570368,-58.483394,Villa Urquiza
83000.0,37.0,-34.593437,-58.404912,Barrio Norte
195000.0,84.0,-34.6310662,-58.3765011,Barracas
135000.0,67.0,-34.606341,-58.510491,Villa Devoto
94000.0,37.0,-34.555328,-58.494451,Saavedra
119800.0,48.0,-34.563563,-58.438707,Palermo
105000.0,57.0,-34.612344,-58.4386243,Caballito
280000.0,60.0,-34.5903438,-58.3875258,Palermo
169000.0,89.0,-34.61691,-58.428576,Caballito
287000.0,79.0,-34.6261344729,-58.4383169847,Caballito
75000.0,38.0,-34.5599177,-58.4451113,Belgrano
110000.0,49.0,-34.6143351,-58.4299852,Almagro
218000.0,80.0,,,Barrio Norte
242000.0,97.0,-34.6039694,-58.4383643,Caballito
100000.0,70.0,-34.6065272,-58.3907964,Centro / Microcentro
243000.0,70.0,-34.5702218,-58.4340411,Palermo
82000.0,38.0,-34.604336,-58.456192,Villa Crespo
88000.0,40.0,-34.597713,-58.424199,Palermo
205000.0,79.0,-34.5598742,-58.4542535,Belgrano
210000.0,70.0,-34.563189,-58.4645758,Belgrano
117000.0,60.0,-34.553932,-58.492606,Saavedra
140000.0,60.0,-34.5696456,-58.4330694,Belgrano
87000.0,48.0,-34.599654,-58.430802,Villa Crespo
137000.0,34.0,-34.579799,-58.4296297,Palermo
129000.0,73.0,-34.5992793,-58.4196508,Villa Crespo
150000.0,62.0,-34.6015135,-58.3970762,Barrio Norte
112944.0,47.0,,,San Telmo
115000.0,40.0,-34.5952911,-58.3796516,Retiro
81000.0,38.0,-34.597679,-58.443019,Villa Crespo
330000.0,65.0,-34.568432,-58.4458151,Belgrano
200000.0,45.0,-34.5600767,-58.4463618,Belgrano
125000.0,54.0,-34.5880012667,-58.4918496713,Villa Pueyrredón
74500.0,32.0,,,Catalinas
77000.0,40.0,-34.598887,-58.443393,Villa Crespo
160000.0,43.0,-34.592891,-58.385103,Recoleta
119000.0,43.0,-34.5852805,-58.4062967,Barrio Norte
103500.0,40.0,-34.5688712,-58.4884216,Villa Urquiza
80000.0,40.0,-34.625227,-58.457758,Flores
72500.0,33.0,-34.6173396,-58.4493817,Caballito
98565.0,59.0,-34.545497,-58.478525,Saavedra
174000.0,65.0,-34.625332,-58.424501,Boedo
99000.0,42.0,-34.636179,-58.439476,Caballito
105000.0,33.0,-34.603723,-58.381593,Palermo
63000.0,31.0,-34.6014487472,-58.3971252862,Constitución
126000.0,50.0,-34.596748,-58.4154726,Palermo
75000.0,36.0,-34.6292,-58.433039,Caballito
210000.0,68.0,-34.5620844,-58.4566864,Belgrano
107000.0,41.0,-34.598681,-58.4824163,Agronomía
93000.0,37.0,-34.5670877,-58.4728244,Belgrano
73000.0,40.0,-34.623632,-58.378348,San Telmo
89900.0,40.0,-34.6028196,-58.4050207,Balvanera
163000.0,45.0,-34.6047969,-58.454126,Villa Crespo
94000.0,64.0,-34.612366,-58.40385,Balvanera
110000.0,44.0,-34.5693357,-58.485331,Villa Urquiza
79500.0,35.0,-34.5922688,-58.4455372,Villa Crespo
228000.0,100.0,-34.5641339,-58.4764899,Coghlan
34346.0,35.0,-34.5413289,-58.473409,Saavedra
75000.0,46.0,-34.6391291,-58.5041999,Villa Luro
275000.0,61.0,-34.5929905,-58.3876119,Barrio Norte
137000.0,50.0,-34.597824,-58.416438,Palermo
98000.0,55.0,,,
80000.0,35.0,-34.5733653,-58.4384417,Belgrano
123000.0,42.0,-34.622839,-58.464387,Flores
145000.0,53.0,-34.5746723,-58.4911482,Villa Urquiza
179500.0,90.0,-34.6038671,-58.425817,Almagro
160000.0,67.0,-34.569129,-58.477082,Villa Urquiza
145000.0,67.0,-34.5779909,-58.4292644,Palermo
87000.0,39.0,-34.5654773,-58.4714411,Belgrano
92000.0,34.0,-34.5759862,-58.4390397,Belgrano
315000.0,76.0,-34.5883623491,-58.396119055,Palermo
99000.0,37.0,-34.607973,-58.387009,San Nicolás
116000.0,38.0,-34.588196,-58.501429,Villa Pueyrredón
59000.0,31.0,-34.6285999373,-58.3667976042,Boca
103000.0,56.0,-34.623496,-58.384407,Constitución
245000.0,70.0,-34.5550689,-58.4645866,Belgrano
82000.0,37.0,-34.6180606,-58.4380327,Caballito
125000.0,58.0,-34.605074,-58.472216,Paternal
165000.0,48.0,-34.5814008,-58.4338296,Palermo
125000.0,43.0,-34.606305,-58.431656,Almagro
155000.0,77.0,-34.610198,-58.441065,Villa Crespo
132900.0,60.0,-34.617228,-58.457265,Caballito
56900.0,38.0,-34.623547,-58.408049,San Cristobal
53600.0,46.0,-34.620866,-58.469172,Flores
75500.0,38.0,-34.623981,-58.375542,San Telmo
265000.0,57.0,-34.577685,-58.42433,Palermo
78000.0,62.0,-34.570631,-58.509107,Villa Pueyrredón
93507.0,31.0,-34.595916,-58.408314,Recoleta
349000.0,84.0,-34.5786263,-58.4506537,Colegiales
235000.0,91.0,-34.5571992,-58.4808472,Saavedra
279000.0,73.0,-34.5912720981,-58.425850454,Palermo
85000.0,45.0,-34.6404671,-58.5091699,Villa Luro
120000.0,60.0,-34.6475267,-58.525119,Liniers
182000.0,66.0,-34.5804119,-58.4295334,Palermo
170000.0,40.0,-34.5748303,-58.4407651,Belgrano
175000.0,76.0,-34.573525,-58.442896,Palermo
99500.0,51.0,-34.592863,-58.444605,Villa Crespo
125000.0,50.0,-34.6037137392,-58.3815808896,Barrio Norte
75063.0,35.0,-34.6212158,-58.4035735,San Cristobal
175000.0,46.0,-34.5765411958,-58.4444179956,Colegiales
85000.0,45.0,-34.6171942,-58.4890317,Villa Santa Rita
185000.0,76.0,-34.5592897137,-58.4673440963,Belgrano
98000.0,42.0,-34.6385169,-58.4199119,Boedo
125000.0,52.0,-34.622146,-58.507594,Monte Castro
110706.0,53.0,-34.598737,-58.426602,Almagro
131000.0,59.0,-34.6545286023,-58.4752734264,San Cristobal
85635.0,37.0,-34.6125496,-58.4329772,Almagro
78000.0,33.0,-34.581037,-58.451557,Colegiales
125000.0,42.0,-34.570401,-58.434209,Palermo
30700.0,36.0,-34.5865029041,-58.4773635689,Villa Urquiza
180000.0,57.0,-34.6223398871,-58.4085322312,San Cristobal
175000.0,65.0,-34.624758,-58.452135,Caballito
129000.0,68.0,-34.5800645,-58.4753846,Villa Urquiza
82500.0,32.0,-34.599735,-58.4111075,Almagro
120000.0,37.0,-34.5677584,-58.4751802,Belgrano
94000.0,41.0,-34.61774,-58.443468,Caballito
97000.0,31.0,-34.6223362,-58.4348699,Caballito
126500.0,63.0,-34.5939188,-58.4386812,Villa Crespo
146000.0,70.0,-34.5731136,-58.4482822,Colegiales
230000.0,95.0,,,Almagro
78900.0,37.0,-34.582525,-58.474023,Parque Chas
140000.0,38.0,-34.5936142,-58.3800404,Barrio Norte
155000.0,75.0,-34.5597901,-58.4600378,Belgrano
70000.0,42.0,-34.6475677,-58.4918168,Mataderos
85600.0,50.0,-34.61747,-58.418382,Almagro
219000.0,70.0,-34.5865197,-58.400193,Recoleta
125000.0,60.0,-34.6013767574,-58.4338354692,Villa Crespo
152000.0,70.0,-34.586735,-58.491759,Villa Pueyrredón
118000.0,33.0,,,Almagro
153000.0,56.0,-34.626394,-58.4594467,Flores
89900.0,48.0,-34.5624006,-58.4866636,Saavedra
118000.0,43.0,-34.6134446223,-58.3961682006,Congreso
99000.0,50.0,-34.6026827,-58.506707,Villa Devoto
170000.0,75.0,-34.6008099,-58.4109401,Once
115000.0,62.0,-34.624539,-58.41083,Boedo
160000.0,72.0,-34.5366964,-58.4663124,Nuñez
170000.0,60.0,-34.5493419,-58.471131,Nuñez
81000.0,68.0,-34.639731,-58.524846,Liniers
93000.0,43.0,-34.634045,-58.460377,Flores
160000.0,64.0,-34.5968526,-58.4117762,Barrio Norte
129000.0,50.0,-34.566691,-58.486705,Villa Urquiza
162500.0,46.0,-34.5540795,-58.4550481,Belgrano
210000.0,86.0,-34.6255349,-58.472011,Flores
154500.0,65.0,-34.59475,-58.4398737,Villa Crespo
125800.0,47.0,-34.6244303,-58.3741828,San Telmo
67000.0,31.0,-34.6014355,-58.3880058,Tribunales
258000.0,81.0,-34.578362,-58.449633,Colegiales
169000.0,61.0,-34.5943743,-58.4132935,Barrio Norte
203300.0,97.0,-34.60657368,-58.45136118,Caballito
68900.0,34.0,,,Once
155000.0,51.0,-34.5474764791,-58.4818079234,Saavedra
145000.0,41.0,-34.551483,-58.452662,Nuñez
94000.0,50.0,-34.5438038474,-58.4809125022,Saavedra
132000.0,56.0,-34.598737,-58.503338,Villa Devoto
96000.0,41.0,-34.5653209202,-58.4716025037,Coghlan
109000.0,39.0,-34.5717779,-58.4489457,Belgrano
80000.0,60.0,-34.638969,-58.359437,Boca
135000.0,76.0,,,Paternal
100000.0,57.0,-34.624503,-58.383021,Constitución
124267.0,47.0,-34.5958969,-58.4715637,Paternal
150000.0,54.0,-34.5927962272,-58.4096804607,Barrio Norte
100000.0,67.0,-34.633324,-58.360062,Boca
295000.0,100.0,-34.5905495,-58.410152,Palermo
145000.0,36.0,-34.5743447,-58.4428909,Palermo
93000.0,39.0,-34.573723,-58.489881,Villa Urquiza
125000.0,39.0,-34.5500517,-58.482934,Villa Urquiza
129000.0,41.0,-34.5641011158,-58.4564170804,Belgrano
68000.0,41.0,-34.633137,-58.409543,Parque Patricios
99000.0,43.0,-34.56321,-58.464302,Belgrano
180000.0,56.0,-34.557808,-58.4519581,Belgrano
83300.0,43.0,-34.633333,-58.466667,Flores
119000.0,44.0,-34.5784165144,-58.4402305618,Colegiales
120000.0,43.0,-34.6107719,-58.4292839,Almagro
139900.0,43.0,,,Palermo
95000.0,38.0,-34.6263006561,-58.4675833418,Flores
99000.0,42.0,-34.6223079,-58.4408961,Caballito
98000.0,35.0,-34.5591943,-58.4661081,Belgrano
160000.0,41.0,-34.587979,-58.432928,Palermo
142000.0,57.0,-34.562694,-58.460274,Belgrano
129000.0,54.0,-34.6209166,-58.4310862,Caballito
75000.0,36.0,-34.596715,-58.444045,Villa Crespo
144900.0,80.0,-34.601704,-58.397098,Barrio Norte
80000.0,42.0,-34.6128944,-58.3939786,Congreso
65000.0,59.0,-34.631424,-58.361786,Boca
72000.0,35.0,-34.6001313,-58.4257528,Almagro
171593.0,57.0,-34.612287,-58.422895,Almagro
159500.0,85.0,-34.6026367044,-58.4264396131,Almagro
62300.0,36.0,-34.617581,-58.419757,Almagro
269000.0,91.0,-34.5571992,-58.4808472,Saavedra
121000.0,68.0,-34.6125975,-58.3975229,Centro / Microcentro
76946.0,34.0,-34.593335,-58.442214,Villa Crespo
120000.0,39.0,-34.5861553,-58.4300609,Palermo
123000.0,52.0,-34.6281027,-58.3972984,San Cristobal
189000.0,58.0,-34.6328552,-58.3855479,San Telmo
119000.0,60.0,-34.6434018,-58.4922905,Villa Luro
73359.0,34.0,-34.593335,-58.442214,Villa Crespo
77000.0,35.0,-34.59475,-58.4398737,Villa Crespo
119000.0,58.0,-34.583086,-58.499022,Villa Pueyrredón
155000.0,39.0,-34.5861553,-58.4300609,Palermo
75000.0,34.0,-34.6271638,-58.3987827,San Cristobal
180000.0,80.0,-34.6140768,-58.3790352,San Telmo
193000.0,90.0,-34.6443829,-58.5190068,Liniers
82000.0,34.0,-34.6177447,-58.3830086,Monserrat
180000.0,53.0,-34.5907652,-58.4172571,Palermo
104500.0,39.0,-34.6028196,-58.4050207,Balvanera
77500.0,36.0,-34.6190156,-58.4632021,Flores
225000.0,70.0,-34.5726771,-58.4607619,Belgrano
180000.0,60.0,-34.633195,-58.376389,Barracas
198000.0,92.0,-34.607363038,-58.3949165386,Congreso
163000.0,52.0,-34.5817888,-58.449509,Colegiales
99500.0,42.0,-34.6070562,-58.4758347,Villa General Mitre
90000.0,32.0,-34.5685575,-58.4534297,Belgrano
160000.0,74.0,-34.62077,-58.414725,Boedo
62000.0,36.0,-34.6274383,-58.478013,Floresta
89500.0,42.0,-34.5971308,-58.4417361,Villa Crespo
125000.0,65.0,-34.6045992,-58.3977411,Balvanera
105000.0,57.0,-34.6135775,-58.3731964,San Telmo
155000.0,86.0,-34.6044585,-58.4067693,Balvanera
270000.0,74.0,-34.5622104,-58.4706739,Coghlan
72000.0,37.0,-34.598804,-58.486394,Villa del Parque
81000.0,38.0,-34.590942,-58.505919,Villa Pueyrredón
98000.0,45.0,-34.5915576,-58.508675,Villa Devoto
235000.0,95.0,-34.5679097,-58.4484836,Belgrano
103123.0,45.0,-34.5975142,-58.4171182,Palermo
190000.0,51.0,-34.5643107,-58.4354987,Palermo
93000.0,44.0,-34.5970836,-58.3988815,Palermo
290000.0,99.0,-34.568388,-58.453349,Belgrano
92500.0,70.0,-34.6263967,-58.4684759,Flores
81000.0,37.0,-34.6039992,-58.4557837,Villa Crespo
69900.0,40.0,-34.6110779,-58.4102191,Balvanera
159000.0,81.0,-34.6205859,-58.4397399,Caballito
82000.0,43.0,,,
120000.0,39.0,-34.5615398,-58.4600113,Belgrano
80000.0,34.0,-34.6070581282,-58.3708063499,Retiro
144200.0,46.0,-34.5995269,-58.4299086,Villa Crespo
93000.0,40.0,-34.5992584,-58.504921,Villa Devoto
211000.0,69.0,-34.607026,-58.442438,Caballito
122905.0,46.0,-34.54179,-58.476815,Nuñez
128000.0,70.0,-34.610200296,-58.409379954,Balvanera
150000.0,50.0,-34.6405283,-58.5294588,Villa Luro
115000.0,45.0,-34.597982,-58.426876,Almagro
127500.0,63.0,-34.570884,-58.488694,Villa Urquiza
112000.0,40.0,-34.5652333,-58.440078,Palermo
92000.0,32.0,-34.597271,-58.390896,Recoleta
134323.0,46.0,-34.6244303,-58.3741828,San Telmo
124267.0,47.0,-34.5924699,-58.4944042,Agronomía
149900.0,97.0,-34.637154,-58.407505,Parque Patricios
95000.0,45.0,-34.6400251777,-58.5047358251,Villa Luro
97432.0,34.0,-34.612287,-58.422895,Almagro
75000.0,37.0,-34.6011476,-58.4195138,Almagro
330000.0,100.0,-34.5516347,-58.4824993,Saavedra
145000.0,75.0,-34.6089118,-58.3882856,Congreso
160000.0,46.0,-34.569933,-58.435915,Palermo
92000.0,40.0,-34.5600319,-58.4557686,Belgrano
201929.0,82.0,-34.6244303,-58.3741828,San Telmo
144000.0,73.0,-34.5746086,-58.5013599,Villa Urquiza
330000.0,65.0,-34.621276,-58.361344,Puerto Madero
140000.0,47.0,-34.5495227,-58.4692294,Nuñez
75000.0,40.0,-34.6313983,-58.3827009,Constitución
149800.0,45.0,-34.5496717,-58.4758568,Saavedra
190000.0,87.0,-34.5921362,-58.4118019,Recoleta
109000.0,45.0,-34.6037137392,-58.3815808896,Nuñez
80000.0,39.0,-34.6037397,-58.4162066,Almagro
145000.0,49.0,-34.5647956791,-58.468398631,Belgrano
169000.0,65.0,-34.5691342334,-58.4608172222,Villa Urquiza
107000.0,53.0,-34.6064660985,-58.461163833,Caballito
184900.0,86.0,-34.568917,-58.457029,Belgrano
156500.0,53.0,-34.6442699,-58.5025351,Villa Luro
74500.0,44.0,-34.6128141,-58.406721,Congreso
108000.0,34.0,-34.5819463286,-58.4478355242,Palermo
155000.0,70.0,-34.623303,-58.42746,Caballito
105000.0,53.0,-34.614114,-58.42711,Caballito
78000.0,33.0,-34.6207285492,-58.3687760228,San Telmo
125000.0,50.0,-34.6036844,-58.3815591,Almagro
84000.0,41.0,-34.618023,-58.4749482,Flores
75000.0,41.0,-34.630048,-58.468573,Flores
110000.0,43.0,-34.6058514,-58.4538486,Caballito
130000.0,65.0,-34.5466334432,-58.4864857618,Saavedra
141700.0,37.0,-34.592822,-58.3847959,Recoleta
163000.0,61.0,-34.6259903,-58.4514173,Caballito
333500.0,73.0,-34.575259,-58.422942,Palermo
116000.0,44.0,-34.552512,-58.45229,Belgrano
120000.0,46.0,-34.580784,-58.490679,Villa Urquiza
74500.0,44.0,-34.6128697,-58.4068192,Balvanera
210000.0,67.0,-34.5384359359,-58.4653923588,Nuñez
210000.0,84.0,-34.598667,-58.379846,Retiro
69900.0,33.0,-34.6233306,-58.461768,Caballito
101200.0,43.0,-34.5679755,-58.4853085,Villa Urquiza
90000.0,52.0,-34.599847,-58.408123,Once
162000.0,80.0,-34.595472,-58.443569,Villa Crespo
105000.0,97.0,-34.6276318,-58.3589352,Boca
150000.0,72.0,-34.6200053,-58.4326412,Almagro
133000.0,34.0,-34.5759862,-58.4390397,Belgrano
70000.0,33.0,-34.6152872,-58.4060763,Balvanera
184000.0,99.0,-34.5970138957,-58.4341279413,Villa Crespo
150000.0,50.0,-34.6405283,-58.5294588,Villa Luro
82000.0,40.0,-34.60107,-58.4067179,Once
102072.0,35.0,-34.6148483,-58.4604643,Caballito
86736.0,34.0,-34.610953,-58.417757,Almagro
92000.0,34.0,-34.599442,-58.401598,Balvanera
67500.0,62.0,-34.6036844,-58.3815591,Villa Crespo
174000.0,58.0,-34.5715895,-58.4337319,Palermo
105000.0,39.0,-34.5830401,-58.4685271,Villa Urquiza
185000.0,70.0,-34.5907226,-58.4093058,Barrio Norte
149000.0,36.0,-34.587954,-58.386605,Recoleta
84500.0,35.0,-34.6130871,-58.3813599,Monserrat
89000.0,49.0,-34.633488,-58.468031,Flores
235000.0,82.0,-34.6023228,-58.4294044,Villa Crespo
58000.0,34.0,-34.647614,-58.518097,Liniers
126000.0,54.0,-34.625389,-58.413541,Boedo
240000.0,85.0,-34.5817895,-58.4143532,Palermo
90000.0,38.0,-34.6087573,-58.4298324,Parque Centenario
100000.0,64.0,-34.6063147,-58.4552427,Caballito
138500.0,42.0,-34.5546333,-58.4673952,Nuñez
103000.0,39.0,-34.562675,-58.458969,Belgrano
59900.0,31.0,-34.61276186,-58.43683474,Caballito
128000.0,92.0,-34.6118874,-58.3974194,Congreso
125000.0,42.0,-34.626039,-58.432732,Caballito
129000.0,45.0,-34.5811121,-58.424293,Palermo
78000.0,34.0,-34.6070581282,-58.3708063499,Retiro
89900.0,39.0,-34.6214357,-58.4242883,Boedo
183000.0,51.0,-34.5814909,-58.4483922,Belgrano
85000.0,45.0,-34.6224065,-58.477773,Floresta
98900.0,39.0,-34.601722,-58.418019,Almagro
180000.0,48.0,-34.537946,-58.46659,Nuñez
108000.0,70.0,-34.5537134,-58.4757488,Saavedra
68000.0,45.0,-34.5426806,-58.4798472,Saavedra
150000.0,85.0,-34.6120655,-58.4057337,Balvanera
220000.0,90.0,-34.6264081,-58.4502452,Caballito
118000.0,81.0,-34.616223,-58.527957,Villa Real
118000.0,42.0,-34.575367,-58.497484,Villa Urquiza
84700.0,40.0,-34.605413,-58.45499,Villa Crespo
94000.0,41.0,-34.6094627,-58.3959249,Centro / Microcentro
102000.0,31.0,-34.5551569,-58.4535714,Belgrano
109000.0,41.0,-34.5998526,-58.4369419,Villa Crespo
148000.0,78.0,-34.6033635,-58.3761939,Almagro
114000.0,50.0,-34.6177615,-58.383662,Balvanera
190000.0,85.0,-34.5996078,-58.3915815,Barrio Norte
132000.0,43.0,-34.5722664,-58.479937,Villa Urquiza
119000.0,54.0,-34.6095979,-58.4189946,Almagro
225000.0,85.0,-34.5885074,-58.401129,Barrio Norte
195000.0,82.0,-34.6037232,-58.3815931,Parque Chacabuco
200000.0,92.0,-34.6029019,-58.4336651,Villa Crespo
255000.0,83.0,-34.6037137392,-58.3815808896,Flores
99000.0,58.0,-34.622008,-58.398551,San Cristobal
65000.0,57.0,-34.627747,-58.359168,Boca
115000.0,80.0,-34.6065576,-58.4007996,Balvanera
74500.0,44.0,-34.6128697,-58.4068192,Once
139500.0,70.0,-34.6025627,-58.4419902,Parque Centenario
72000.0,32.0,,,
72000.0,38.0,-34.609502,-58.411796,Balvanera
98000.0,39.0,-34.598553,-58.420375,Palermo
34346.0,35.0,-34.5413289,-58.473409,Nuñez
165000.0,77.0,-34.5653291,-58.4574671,Belgrano
110000.0,54.0,-34.638697,-58.499638,Villa Luro
128000.0,77.0,-34.611966,-58.461063,Caballito
265000.0,67.0,-34.5740592,-58.4215043,Palermo
123000.0,54.0,-34.610641,-58.427095,Almagro
136000.0,45.0,-34.6047969,-58.454126,Villa Crespo
79000.0,35.0,-34.5653209202,-58.4716025037,Coghlan
145000.0,75.0,-34.6089118,-58.3882856,Balvanera
227000.0,84.0,-34.6148346,-58.4663066,Villa General Mitre
85267.0,38.0,-34.6233348,-58.3748384,San Telmo
240000.0,44.0,-34.5625,-58.458333,Palermo
112000.0,60.0,-34.564676,-58.45572,Belgrano
76500.0,36.0,-34.6188297,-58.4377788,Caballito
90000.0,100.0,-34.577168,-58.538654,Belgrano
159900.0,77.0,-34.571526029,-58.4556371704,Colegiales
123875.0,50.0,-34.578688,-58.457358,Colegiales
93000.0,39.0,-34.603732,-58.430385,Almagro
81000.0,31.0,-34.5614932,-58.4681556,Belgrano
148000.0,50.0,-34.5844413853,-58.4258408735,Palermo
225532.0,85.0,-34.5546524,-58.4936437,Saavedra
117000.0,58.0,-34.6111914,-58.4191533,Almagro
138500.0,42.0,-34.5546892452,-58.4670877302,Belgrano
65000.0,35.0,-34.6068546,-58.4087282,Once
180000.0,60.0,-34.5662,-58.4647,Belgrano
137000.0,83.0,-34.610376,-58.399243,Congreso
69500.0,37.0,-34.6175114,-58.3961355,Balvanera
75000.0,36.0,-34.5997176,-58.431371,Villa Crespo
105000.0,77.0,-34.630036,-58.463754,Flores
69900.0,40.0,-34.6212406,-58.4666283,Flores
92000.0,36.0,-34.5989241,-58.4437603,Villa Crespo
185000.0,100.0,-34.6114787,-58.4316661,Caballito
118000.0,36.0,-34.5816906,-58.4433183,Palermo
177000.0,68.0,-34.615993,-58.445429,Caballito
298000.0,74.0,-34.624559,-58.375709,San Telmo
245500.0,75.0,-34.62818,-58.429483,Caballito
95000.0,40.0,,,
114000.0,44.0,-34.5765536,-58.4965425,Villa Pueyrredón
229000.0,99.0,-34.618051,-58.444029,Caballito
130000.0,78.0,-34.602067,-58.402305,Balvanera
125000.0,50.0,-34.5973509,-58.403415,Barrio Norte
139900.0,48.0,-34.59799,-58.37425,Retiro
200000.0,91.0,-34.60393,-58.455913,Villa Crespo
145000.0,72.0,-34.5965341,-58.3809608,Barrio Norte
157000.0,50.0,-34.559675,-58.454368,Belgrano
100998.0,33.0,-34.5688504,-58.4550232,Belgrano
155000.0,58.0,-34.5948962,-58.4414804,Villa Crespo
110000.0,42.0,-34.6161011,-58.4110759,Boedo
120000.0,58.0,-34.5730538,-58.4860784,Villa Urquiza
98000.0,39.0,-34.5816538,-58.4684523,Villa Ortuzar
79701.0,32.0,-34.5731507,-58.482362,Villa Urquiza
130000.0,48.0,-34.5969463,-58.445366,Villa Crespo
98000.0,46.0,-34.559128,-58.460676,Belgrano
70000.0,42.0,,,Pompeya
119000.0,57.0,-34.5722143,-58.4866501,Villa Urquiza
64000.0,33.0,-34.6228532,-58.4418782,Caballito
58000.0,40.0,-34.6245839,-58.381363,Constitución
230000.0,81.0,-34.5742368234,-58.4725524607,Coghlan
99900.0,50.0,-34.5983352,-58.4887415,Villa del Parque
110000.0,50.0,-34.5867561,-58.4312414,Villa Crespo
165000.0,65.0,-34.5834327,-58.4491033,Colegiales
89000.0,39.0,-34.5831227,-58.4258265,Palermo
73800.0,34.0,-34.617228,-58.457265,Caballito
160000.0,79.0,-34.625565,-58.427072,Boedo
100000.0,52.0,-34.6340992,-58.3756215,Barracas
193000.0,46.0,-34.57814,-58.43967,Palermo
93500.0,45.0,-34.603792,-58.435575,Almagro
180000.0,53.0,-34.582185,-58.448617,Colegiales
85000.0,47.0,-34.6421604,-58.423024,Parque Chacabuco
65500.0,33.0,-34.6271648341,-58.4432158116,Caballito
199800.0,51.0,-34.5969363,-58.4081828,Barrio Norte
95500.0,36.0,-34.6031267,-58.4410494,Villa Crespo
88000.0,53.0,-34.626163,-58.468466,Flores
219000.0,69.0,-34.615886,-58.437991,Caballito
122655.0,45.0,-34.5915446,-58.4093169,Palermo
90000.0,64.0,,,
260000.0,90.0,-34.5913091,-58.4142362,Palermo
77000.0,34.0,-34.5971308,-58.4417361,Villa Crespo
158000.0,64.0,-34.5961219,-58.4255006,Villa Crespo
87000.0,40.0,-34.6087862,-58.4304906,Caballito
115000.0,34.0,-34.5506896,-58.4589535,Belgrano
260000.0,80.0,-34.578458,-58.438082,Palermo
117000.0,35.0,-34.577961,-58.482194,Villa Urquiza
156700.0,41.0,-34.5618075,-58.4674306,Coghlan
89900.0,50.0,-34.6145386963,-58.4762577092,Paternal
110000.0,59.0,-34.580358,-58.492634,Villa Urquiza
155000.0,55.0,-34.6072245,-58.4299827,Almagro
110000.0,34.0,-34.6004227,-58.420585,Almagro
55000.0,68.0,,,Villa Lugano
92500.0,34.0,-34.5697286581,-58.4765037054,Villa Urquiza
128500.0,42.0,-34.583224,-58.447598,Chacarita
130000.0,65.0,-34.6446433,-58.4930965,Parque Avellaneda
138000.0,49.0,-34.5969778,-58.4117573,Palermo
103000.0,42.0,-34.5993371549,-58.485000192,Villa Devoto
119500.0,44.0,-34.6442699,-58.5025351,Villa Luro
144000.0,55.0,-34.554763,-58.453853,Belgrano
95000.0,50.0,-34.652158,-58.524548,Liniers
115000.0,48.0,-34.574024,-58.459094,Belgrano
212000.0,85.0,-34.556269,-58.468568,Nuñez
210000.0,70.0,-34.5643107,-58.4354987,Belgrano
215000.0,100.0,-34.603524,-58.426473,Almagro
83000.0,34.0,-34.6013755,-58.4262554,Almagro
221600.0,88.0,-34.556291,-58.468573,Nuñez
220000.0,75.0,-34.5596836,-58.4904958,Saavedra
95000.0,46.0,-34.6033997612,-58.3984088548,Once
130000.0,47.0,-34.627586,-58.4398439,Caballito
140000.0,53.0,-34.6017235,-58.4331251,Villa Crespo
85140.0,38.0,-34.6256447,-58.4611155,Flores
94600.0,46.0,-34.6195076,-58.4780504,Flores
78000.0,38.0,-34.6173402282,-58.4492324551,Caballito
143305.0,45.0,-34.6240306,-58.4306873,Caballito
115000.0,34.0,-34.584111,-58.400826,Recoleta
190000.0,61.0,-34.5711377804,-58.480766781,Villa Urquiza
145000.0,60.0,-34.549761,-58.45557,Nuñez
89800.0,49.0,-34.6172737911,-58.4154084613,Almagro
75000.0,43.0,-34.60083,-58.37169,San Nicolás
69000.0,43.0,-34.6508976,-58.501973,Mataderos
69500.0,33.0,-34.610005,-58.385038,Congreso
95000.0,39.0,-34.598900066,-58.376887002,Retiro
126094.0,47.0,,,San Telmo
114900.0,67.0,-34.629844,-58.39816,Parque Patricios
93000.0,36.0,-34.6166791,-58.4183802,Almagro
120000.0,63.0,-34.6404629,-58.5290105,Flores
112000.0,58.0,-34.6051862,-58.516304,Villa Devoto
143000.0,58.0,-34.61275,-58.423907,Almagro
182000.0,50.0,-34.580462,-58.491064,Villa Urquiza
87000.0,35.0,-34.6298256,-58.4803519,Floresta
78000.0,40.0,,,Floresta
125000.0,71.0,-34.6117139507,-58.396790473,Congreso
149900.0,45.0,-34.5548321,-58.4397076,Belgrano
64000.0,33.0,-34.6174153,-58.4682803,Flores
145000.0,54.0,-34.5905097,-58.4407156,Villa Crespo
125000.0,52.0,-34.613948,-58.3932142,Balvanera
84000.0,46.0,-34.625227,-58.457758,Flores
141000.0,39.0,-34.5701591,-58.4421064,Belgrano
120000.0,44.0,-34.61789,-58.462586,Flores
145000.0,74.0,,,Caballito
79000.0,35.0,-34.5653209202,-58.4716025037,Coghlan
83000.0,37.0,-34.5708054,-58.484128,Villa Urquiza
122000.0,45.0,-34.5554838,-58.4626315,Belgrano
235000.0,97.0,-34.594689,-58.405194,Barrio Norte
59500.0,33.0,-34.6421313562,-58.4231031805,Parque Chacabuco
97000.0,48.0,-34.54324,-58.47883,Saavedra
103000.0,34.0,-34.5859299,-58.4404055,Palermo
350000.0,60.0,-34.5763588,-58.4242516,Palermo
181000.0,56.0,-34.5907652,-58.4172571,Palermo
95000.0,50.0,-34.6189857,-58.3829988,Monserrat
135000.0,92.0,-34.6146546021,-58.4036466111,Congreso
181937.0,47.0,-34.6153103,-58.3619834,Puerto Madero
122750.0,41.0,-34.5545466572,-58.4686173317,Coghlan
62857.0,36.0,-34.616698,-58.442931,Caballito
71000.0,60.0,-34.6066966,-58.4086925,Balvanera
110000.0,40.0,-34.558304,-58.474783,Nuñez
135000.0,84.0,-34.6046253,-58.4050569,Once
145000.0,38.0,-34.5743447,-58.4428909,Belgrano
398000.0,84.0,-34.5776851,-58.4243307,Palermo
93000.0,60.0,-34.5985243,-58.4348637,Villa Crespo
99000.0,44.0,-34.6421604,-58.423024,Parque Chacabuco
96900.0,38.0,-34.6540398,-58.5062386,Mataderos
82000.0,40.0,-34.6066676,-58.4491557,Caballito
95000.0,38.0,-34.605789,-58.419346,Almagro
92000.0,69.0,-34.6428398,-58.5261689,Liniers
98000.0,42.0,-34.6205566,-58.4448674,Caballito
82500.0,47.0,-34.6421604,-58.423024,Parque Chacabuco
96900.0,46.0,-34.6195076,-58.4780504,Flores
70000.0,33.0,-34.6294067,-58.4127411,Boedo
107000.0,37.0,-34.552512,-58.45229,Belgrano
73900.0,34.0,-34.5958168,-58.4474666,Villa Crespo
135000.0,44.0,-34.5991391,-58.4866606,Villa del Parque
75000.0,38.0,-34.588841,-58.494497,Agronomía
124000.0,65.0,-34.6122943,-58.4804601,Villa del Parque
75000.0,32.0,-34.620043,-58.462678,Flores
68000.0,32.0,-34.630152,-58.4317885,Parque Chacabuco
95000.0,39.0,-34.5485266,-58.4830367,Saavedra
256000.0,63.0,-34.585507,-58.413577,Barrio Norte
107300.0,36.0,-34.62818,-58.429483,Caballito
258000.0,75.0,-34.542102,-58.466396,Nuñez
69000.0,37.0,-34.6234558,-58.3770411,San Telmo
128000.0,59.0,-34.6014489,-58.465483,Paternal
184900.0,76.0,-34.6046824,-58.4196284,Almagro
149000.0,70.0,-34.5976786,-58.4430195,Villa Crespo
95000.0,45.0,-34.606191,-58.431666,Parque Centenario
100000.0,49.0,-34.5420200443,-58.4769201279,Saavedra
69214.0,33.0,-34.6184962081,-58.4064497116,San Cristobal
219000.0,65.0,-34.574187,-58.460678,Belgrano
100000.0,35.0,-34.5749333,-58.4405969,Palermo
135000.0,43.0,-34.578295,-58.449588,Colegiales
79900.0,50.0,-34.6166842,-58.4115653,Balvanera
220632.0,56.0,-34.6153103,-58.3619834,Puerto Madero
109800.0,50.0,-34.6102119,-58.441081,Caballito
148000.0,48.0,-34.6269794,-58.4185548,Boedo
72000.0,40.0,-34.6102366792,-58.4066613069,Once
160000.0,86.0,-34.6315368,-58.4761251,Floresta
130000.0,63.0,-34.6298425,-58.4654617,Flores
194435.0,71.0,-34.61098,-58.417856,Almagro
260000.0,58.0,-34.5795765,-58.4077476,Palermo
86500.0,33.0,-34.614334,-58.438544,Caballito
73000.0,31.0,-34.6374837,-58.4601452,Flores
85000.0,40.0,-34.6104008,-58.4198453,Almagro
89000.0,63.0,-34.6336711,-58.3635546,Boca
265000.0,70.0,-34.586125,-58.386626,Recoleta
221600.0,63.0,,,Belgrano
131000.0,43.0,-34.5527712,-58.4669984,Nuñez
115000.0,53.0,-34.5971159,-58.4417984,Villa Crespo
115000.0,56.0,-34.586824,-58.50584,Villa Pueyrredón
130000.0,50.0,,,
225000.0,80.0,-34.567188,-58.435582,Palermo
188000.0,45.0,-34.574547,-58.4343478,Palermo
135000.0,55.0,-34.5574543,-58.4487158,Belgrano
200000.0,63.0,-34.6395525,-58.519663,Liniers
130000.0,60.0,-34.5838856,-58.5063984,Villa Pueyrredón
115000.0,64.0,-34.663022744,-58.5144527292,Mataderos
79900.0,40.0,-34.60174,-58.416238,Almagro
153000.0,59.0,-34.606283,-58.3922029,Centro / Microcentro
185000.0,90.0,-34.603118,-58.421301,Almagro
84000.0,35.0,-34.5952048,-58.4418424,Villa Crespo
99000.0,32.0,-34.6018927328,-58.4327067207,Villa Crespo
83283.0,35.0,-34.5546524,-58.4936437,Saavedra
180000.0,60.0,-34.6011344,-58.4016893,Balvanera
136000.0,73.0,-34.631266,-58.518806,Versalles
210000.0,64.0,-34.5853965,-58.4397049,Palermo
125000.0,85.0,-34.6171646,-58.4696367,Flores
129000.0,84.0,-34.6274575,-58.4561777,Flores
152000.0,84.0,-34.617087,-58.394308,Balvanera
158000.0,72.0,-34.601057,-58.437675,Parque Centenario
118750.0,43.0,-34.6025527,-58.4271351,Villa Crespo
100000.0,36.0,-34.560944,-58.459536,Belgrano
140000.0,49.0,-34.5989671594,-58.4057941858,Agronomía
149000.0,96.0,-34.6328224,-58.483932,Floresta
210000.0,75.0,-34.5685537,-58.4878539,Villa Urquiza
67000.0,40.0,-34.6069814,-58.4163065,Palermo
140000.0,57.0,-34.5552851,-58.4610938,Belgrano
214200.0,61.0,-34.6037137392,-58.3815808896,Palermo
175000.0,55.0,-34.5557983,-58.4486515,Belgrano
127000.0,53.0,-34.633535,-58.369552,Barracas
99900.0,48.0,-34.6165656047,-58.4174768995,Almagro
180000.0,100.0,,,
228000.0,90.0,-34.6036844,-58.3815591,Parque Chacabuco
230000.0,95.0,-34.598091384,-58.4007604905,Recoleta
90000.0,33.0,-34.553256,-58.475979,Saavedra
103382.0,36.0,-34.54179,-58.476815,Nuñez
80000.0,55.0,-34.5745704357,-58.5087118149,Villa Pueyrredón
115000.0,41.0,-34.6252802017,-58.4574794769,Flores
80000.0,34.0,-34.5893767,-58.4190409,Palermo
119000.0,94.0,-34.633422,-58.355104,Boca
89000.0,46.0,,,Congreso
99000.0,38.0,-34.597571,-58.389909,Recoleta
145000.0,50.0,-34.573917,-58.489945,Villa Urquiza
65000.0,41.0,-34.6249464,-58.3883756,Constitución
105000.0,41.0,-34.6047969,-58.454126,Villa Crespo
95000.0,50.0,-34.639925,-58.438406,Parque Chacabuco
195000.0,52.0,-34.577959,-58.405829,Palermo
140000.0,50.0,-34.5978662,-58.415931,Palermo
135000.0,58.0,-34.6109312376,-58.4831170645,Villa Santa Rita
187000.0,72.0,-34.564492,-58.4723806,Coghlan
295000.0,65.0,-34.5863396838,-58.4108273298,Puerto Madero
99000.0,39.0,-34.5691361962,-58.4770272265,Villa Urquiza
195000.0,65.0,-34.6100388,-58.4526612,Villa Crespo
85000.0,32.0,-34.5716656,-58.4326754,Palermo
139500.0,70.0,-34.6045043,-58.4372375,Villa Crespo
126000.0,46.0,-34.623771,-58.440083,Caballito
125000.0,44.0,-34.5758276,-58.4951948,Villa Urquiza
55000.0,55.0,-34.670624,-58.4801284,Villa Lugano
140000.0,85.0,-34.6061654,-58.4085255,Once
81000.0,38.0,-34.604567,-58.4070449,Abasto
164000.0,51.0,-34.5576080248,-58.4805825768,Saavedra
79000.0,39.0,-34.6272169052,-58.4711306423,Flores
92000.0,54.0,-34.6200294,-58.3888623,Monserrat
142000.0,66.0,-34.6026497737,-58.4368541662,Almagro
109000.0,49.0,-34.5683253662,-58.4492727939,Belgrano
63000.0,31.0,-34.614919,-58.3913331,Monserrat
85000.0,37.0,,,Villa Urquiza
115000.0,55.0,-34.5899723,-58.4236546,Palermo
120000.0,37.0,-34.5576708,-58.4645865,Belgrano
135000.0,54.0,-34.5865365,-58.4083262,Villa Crespo
180000.0,52.0,-34.5948049018,-58.3924727228,Barrio Norte
121515.0,47.0,,,San Telmo
87000.0,46.0,-34.611559,-58.418298,Almagro
94765.0,38.0,-34.6233348,-58.3748384,San Telmo
195000.0,100.0,-34.6037232,-58.3815931,Congreso
63000.0,33.0,-34.6156963334,-58.496388173,Floresta
165000.0,85.0,-34.6004038,-58.4954328,Agronomía
102000.0,50.0,-34.637834,-58.503098,Villa Luro
85000.0,33.0,-34.56616,-58.455591,Belgrano
149000.0,33.0,-34.5867608,-58.4291478,Palermo
290000.0,78.0,-34.5864399,-58.4106629,Palermo
225000.0,42.0,-34.5709453,-58.433038,Belgrano
104000.0,39.0,-34.6353994,-58.3959943,Parque Patricios
154900.0,37.0,-34.5638424,-58.4566327,Belgrano
94000.0,47.0,-34.612484,-58.437748,Caballito
181000.0,63.0,-34.580089,-58.433594,Palermo
96900.0,33.0,-34.5817888,-58.449509,Colegiales
215000.0,59.0,-34.5878061,-58.4327869,Palermo
180000.0,87.0,-34.5718762094,-58.4877971841,Villa Urquiza
79800.0,33.0,-34.6296029924,-58.4412987828,Caballito
160000.0,76.0,-34.6048156,-58.4219027,Almagro
108000.0,48.0,-34.622579,-58.440804,Caballito
137000.0,50.0,-34.622702,-58.441966,Caballito
169000.0,74.0,-34.5686343346,-58.4508398606,Belgrano
150000.0,67.0,-34.6041361,-58.4419685,Parque Centenario
83000.0,33.0,-34.5587,-58.4778,Coghlan
183000.0,60.0,-34.5742018757,-58.4488006169,Colegiales
119000.0,47.0,-34.5684053,-58.48757,Villa Urquiza
185000.0,101.0,-34.6120565,-58.4194649,Almagro
110000.0,43.0,,,
120000.0,52.0,-34.60613,-58.4741353,Paternal
135000.0,82.0,-34.62321,-58.373421,San Telmo
105000.0,72.0,-34.63658,-58.491726,Floresta
153000.0,39.0,-34.57922,-58.411487,Palermo
115000.0,59.0,-34.623903,-58.429499,Caballito
83000.0,55.0,-34.6484267206,-58.5251626558,Liniers
255000.0,82.0,-34.5682588404,-58.4355114116,Palermo
265000.0,64.0,-34.5744675,-58.4203341,Palermo
99900.0,38.0,-34.593191,-58.445646,Villa Crespo
65000.0,60.0,-34.654085,-58.417365,Pompeya
113239.0,47.0,-34.6244303,-58.3741828,San Telmo
100000.0,67.0,,,Villa Lugano
155000.0,72.0,-34.635559,-58.44027,Parque Chacabuco
220000.0,69.0,-34.566463,-58.4517026,Belgrano
115000.0,35.0,-34.5887304,-58.4180122,Palermo
102000.0,59.0,-34.6360006,-58.4776018,Floresta
104000.0,35.0,-34.5907572,-58.4354436,Palermo
200000.0,75.0,-34.6025221,-58.4276485,Almagro
120000.0,36.0,,,Belgrano
270000.0,91.0,-34.5824961,-58.4102772,Barrio Norte
118000.0,45.0,-34.6037879967,-58.4334910704,Caballito
129000.0,76.0,-34.631361,-58.45442,Flores
199000.0,73.0,,,Palermo
180000.0,87.0,-34.615138,-58.3992878,San Cristobal
72000.0,44.0,-34.631542,-58.410931,Parque Patricios
159000.0,73.0,-34.5938632862,-58.4451652672,Villa Crespo
98000.0,34.0,-34.55,-58.466667,Nuñez
73000.0,31.0,-34.620043,-58.462678,Flores
94000.0,56.0,-34.5847708,-58.4551274,Chacarita
90000.0,70.0,-34.6306138,-58.4665646,Flores
100000.0,34.0,,,Palermo
107000.0,44.0,-34.582397,-58.422568,Palermo
112944.0,47.0,-34.6244303,-58.3741828,San Telmo
88000.0,33.0,-34.5463152,-58.4721376,Nuñez
158000.0,41.0,-34.5720619694,-58.44602108,Belgrano
165000.0,90.0,-34.6314404,-58.3890798,Parque Patricios
159000.0,40.0,-34.563205,-58.446027,Belgrano
103000.0,77.0,-34.642018,-58.4558648,Flores
82400.0,32.0,-34.5644917,-58.4723786,Palermo
80000.0,46.0,-34.619962,-58.508706,Villa del Parque
211196.0,81.0,-34.612287,-58.422895,Almagro
95000.0,39.0,-34.5930501,-58.4433401,Villa Crespo
147000.0,66.0,-34.6027128,-58.4371733,Villa Crespo
95000.0,32.0,-34.6036844,-58.3815591,Belgrano
102000.0,49.0,-34.6279785,-58.4494266,Caballito
83000.0,43.0,-34.6548262,-58.5062553,Mataderos
75000.0,38.0,,,Villa Crespo
70000.0,37.0,-34.627625,-58.360648,Boca
230000.0,95.0,-34.6031950994,-58.4215840161,Almagro
83000.0,31.0,-34.6177615,-58.383662,Monserrat
82000.0,73.0,-34.631599,-58.362898,Boca
85871.0,39.0,-34.5907409831,-58.4487530794,Chacarita
120000.0,45.0,-34.572629286,-58.4441150725,Belgrano
94000.0,49.0,-34.54384,-58.480901,Nuñez
101000.0,37.0,-34.62818,-58.429483,Caballito
99999.0,78.0,-34.6158238,-58.4333203,Caballito
369000.0,91.0,-34.5531141,-58.4610751,Nuñez
110000.0,48.0,-34.5942724,-58.4949974,Agronomía
205000.0,85.0,-34.5841264,-58.4156289,Palermo
100000.0,50.0,-34.6448254251,-58.5105035005,Liniers
80000.0,40.0,,,
100000.0,42.0,-34.5688712,-58.4884216,Villa Urquiza
71938.0,45.0,-34.63093,-58.468101,Flores
131000.0,37.0,-34.5493344,-58.4543953,Nuñez
150000.0,41.0,-34.5760944,-58.4332152,Palermo
114000.0,51.0,-34.5421771,-58.4766418,Nuñez
230000.0,77.0,-34.5951639296,-58.385974119,Recoleta
105000.0,35.0,-34.60808733,-58.43089266,Villa Crespo
87405.0,42.0,-34.6283,-58.429794,Caballito
100000.0,58.0,-34.6200189,-58.3700544,San Telmo
130000.0,56.0,-34.6029165,-58.4179303,Almagro
348000.0,92.0,-34.5864268,-58.4304968,Palermo
95000.0,45.0,-34.6142794,-58.4354197,Parque Centenario
65000.0,74.0,-34.6785525531,-58.4901165962,Villa Lugano
200000.0,71.0,-34.6088011,-58.4697781,Villa General Mitre
122000.0,45.0,-34.5901166454,-58.3940806918,Recoleta
130000.0,40.0,-34.603438,-58.4364402,Villa Crespo
170000.0,62.0,-34.6036844,-58.3815591,Retiro
152800.0,46.0,-34.597769,-58.42644,Villa Crespo
235000.0,100.0,-34.5956924332,-58.4032338789,Barrio Norte
90000.0,43.0,-34.6314846,-58.4374634,Parque Chacabuco
110000.0,80.0,-34.6274466,-58.3912281,Parque Patricios
82000.0,33.0,-34.605767,-58.430851,Almagro
100033.0,57.0,-34.63093,-58.468101,Flores
93000.0,37.0,-34.5663095,-58.4703235,Coghlan
87500.0,44.0,-34.597077,-58.445957,Villa Crespo
150000.0,80.0,-34.6003579,-58.4372479,Villa Crespo
99000.0,60.0,,,Floresta
299000.0,65.0,-34.5908976,-58.3842513,Barrio Norte
135000.0,44.0,-34.6328552,-58.3855479,San Telmo
105000.0,40.0,-34.5887356,-58.4198315,Palermo
144900.0,65.0,-34.603912,-58.425808,Almagro
67000.0,40.0,-34.6038466,-58.4156749,Almagro
155000.0,88.0,-34.6272555,-58.4516154,Flores
165000.0,54.0,-34.5931463873,-58.4154713548,Palermo
168240.0,47.0,-34.565206,-58.436515,Palermo
114000.0,50.0,-34.5977948,-58.4176246,Palermo
184000.0,99.0,-34.5970138957,-58.4341279413,Villa Crespo
139000.0,50.0,-34.59770557,-58.4166613563,Palermo
270000.0,89.0,-34.5893508,-58.408068,Barrio Norte
285000.0,82.0,,,Palermo
90000.0,42.0,-34.609508,-58.51432,Villa Devoto
151000.0,48.0,-34.5652742,-58.4715823,Belgrano
190000.0,84.0,-34.5647052,-58.4588362,Belgrano
146000.0,62.0,-34.64832,-58.5007399,Mataderos
229000.0,70.0,-34.5506896,-58.4589535,Nuñez
155000.0,87.0,-34.616539,-58.378172,San Telmo
215000.0,59.0,-34.5781496,-58.4235496,Palermo
115279.0,42.0,,,San Telmo
79736.0,36.0,-34.623355314,-58.3762410896,San Telmo
260000.0,90.0,-34.5895459,-58.3973636,Recoleta
85000.0,34.0,-34.5794426,-58.499546,Villa Pueyrredón
120000.0,42.0,-34.5548123,-58.4396756,Belgrano
81650.0,42.0,-34.60174,-58.491034,Villa del Parque
125000.0,70.0,-34.6318808,-58.47095,Flores
120000.0,57.0,-34.638875,-58.510228,Villa Luro
210000.0,75.0,-34.6213159,-58.4604044,Flores
93812.0,42.0,-34.6487541,-58.5002128,Mataderos
115000.0,70.0,-34.6047489,-58.3784568,San Nicolás
198000.0,60.0,-34.591549,-58.405353,Barrio Norte
75000.0,33.0,-34.5843603,-58.453461,Chacarita
183000.0,74.0,-34.6193883,-58.4276243,Almagro
158000.0,53.0,-34.62732,-58.37248,San Telmo
145000.0,80.0,-34.6044575,-58.4067611,Once
91000.0,35.0,-34.6171517,-58.3724261,San Telmo
135000.0,60.0,-34.6055902756,-58.3951538254,Once
138000.0,51.0,-34.550557,-58.468466,Nuñez
125000.0,50.0,-34.565648,-58.489172,Villa Urquiza
140000.0,45.0,-34.5556734,-58.4833097,Saavedra
159500.0,45.0,-34.5900864,-58.4202008,Palermo
79000.0,36.0,-34.583633,-58.47327,Villa Urquiza
87000.0,42.0,-34.572631,-58.477792,Villa Urquiza
108000.0,53.0,-34.6380234,-58.5018908,Villa Luro
190000.0,96.0,-34.603011,-58.458552,Paternal
122000.0,52.0,-34.6191930291,-58.3926755015,Congreso
130000.0,70.0,-34.6023793788,-58.4594417148,Balvanera
114000.0,39.0,-34.594413,-58.397585,Recoleta
72850.0,35.0,-34.5933706,-58.4422322,Villa Crespo
115000.0,64.0,-34.635756,-58.404692,Parque Patricios
170300.0,51.0,-34.62818,-58.429483,Caballito
177000.0,35.0,-34.5818399,-58.4131696,Palermo
115000.0,50.0,-34.6054200658,-58.4594332451,Balvanera
95000.0,39.0,-34.5749336,-58.4405971,Palermo
139000.0,50.0,-34.5979435834,-58.415852535,Palermo
133000.0,75.0,-34.6079114,-58.3907038,Congreso
153000.0,59.0,-34.606283,-58.3922029,Congreso
225000.0,90.0,-34.5859757,-58.4150508,Palermo
178000.0,46.0,-34.5873423612,-58.4025504466,Recoleta
234000.0,73.0,-34.5599206,-58.4451089,Belgrano
87000.0,53.0,-34.607722,-58.41412,Almagro
129000.0,35.0,-34.5429344,-58.4617742,Nuñez
235000.0,94.0,-34.6017777,-58.4053874,Balvanera
210000.0,60.0,-34.6037137392,-58.3815808896,Colegiales
93000.0,50.0,-34.6287428,-58.4674809,Flores
103000.0,45.0,-34.6472257,-58.4923125,Flores
70500.0,37.0,-34.625227,-58.457758,Flores
225000.0,50.0,-34.550957,-58.462601,Nuñez
300000.0,95.0,-34.5946402,-58.3872426,Recoleta
140000.0,48.0,-34.586164,-58.438563,Palermo
147000.0,50.0,-34.574642,-58.485149,Villa Urquiza
95000.0,45.0,-34.6276247,-58.4529543,Caballito
35000.0,50.0,-34.6773645,-58.4921739,Villa Lugano
93900.0,31.0,-34.6018927328,-58.4327067207,Villa Crespo
107000.0,50.0,-34.6177615,-58.383662,Balvanera
87000.0,45.0,-34.6421604,-58.423024,Parque Chacabuco
245000.0,99.0,-34.61137,-58.390396,Congreso
129000.0,65.0,,,
230000.0,80.0,-34.5982791,-58.4995167,Villa Devoto
110000.0,50.0,-34.685943,-58.5439579,Parque Centenario
93000.0,35.0,-34.6171517,-58.3724261,San Telmo
95000.0,36.0,-34.5742178,-58.44173,Belgrano
60000.0,35.0,-34.6418941,-58.4127784,Parque Patricios
115000.0,44.0,-34.5751647,-58.4421072,Belgrano
78000.0,31.0,-34.620043,-58.462678,Flores
85000.0,60.0,,,
147500.0,53.0,-34.554241,-58.466685,Nuñez
125000.0,45.0,-34.6076685,-58.449767,Villa Crespo
100000.0,40.0,-34.5695091583,-58.485224101,Villa Urquiza
68000.0,44.0,-34.6336034872,-58.4237387776,Boedo
70000.0,32.0,-34.5691757,-58.4128265,Balvanera
130000.0,35.0,-34.6171896,-58.4413475,Caballito
106000.0,44.0,-34.5762785,-58.4711259,Villa Urquiza
140000.0,38.0,-34.6167232,-58.3874498,Monserrat
150000.0,66.0,-34.5930806547,-58.445953906,Villa Crespo
165000.0,39.0,-34.5429344,-58.4617742,Nuñez
190000.0,92.0,-34.5759248,-58.4865362,Villa Urquiza
179000.0,87.0,-34.620954,-58.410959,Villa Crespo
113300.0,53.0,-34.5679755,-58.4853085,Villa Urquiza
125000.0,72.0,-34.626605,-58.376799,San Telmo
68000.0,35.0,-34.633033,-58.386288,Barracas
127500.0,50.0,-34.626769,-58.4252038,Boedo
135000.0,83.0,-34.636763,-58.431317,Parque Chacabuco
95000.0,42.0,-34.5620844,-58.4566864,Belgrano
185000.0,70.0,-34.6425826,-58.3728643,Barracas
89500.0,32.0,-34.5978398,-58.4249739,Villa Crespo
76000.0,34.0,,,Floresta
215000.0,91.0,-34.599749,-58.4122179,Balvanera
149000.0,86.0,-34.6052922,-58.40905,Almagro
125000.0,38.0,-34.554945,-58.454025,Belgrano
241550.0,43.0,-34.5679891,-58.4339848,Las Cañitas
64500.0,34.0,-34.636739,-58.488142,Floresta
172000.0,65.0,-34.629036,-58.4394486,Parque Chacabuco
126371.0,45.0,-34.6296029924,-58.4412987828,Caballito
389000.0,85.0,-34.5652122,-58.4362987,Palermo
110000.0,55.0,-34.537377,-58.4673599,Nuñez
159000.0,51.0,-34.6097576,-58.4482756,Caballito
89500.0,39.0,-34.598755,-58.437202,Villa Crespo
158000.0,60.0,-34.571605,-58.481085,Villa Urquiza
105000.0,46.0,-34.578334,-58.495266,Villa Urquiza
165800.0,60.0,-34.585383,-58.441772,Palermo
204000.0,81.0,-34.5683121,-58.4481303,Belgrano
160000.0,72.0,-34.5881138,-58.4196171,Palermo
138000.0,81.0,-34.6476635,-58.4983674,Mataderos
118000.0,36.0,-34.5701065701,-58.4762481502,Villa Urquiza
121000.0,39.0,-34.5795217,-58.4343212,Palermo
145000.0,90.0,-34.6058972,-58.4247453,Almagro
98800.0,52.0,-34.625815,-58.375378,San Telmo
170000.0,60.0,-34.5750344,-58.4388816,Belgrano
75000.0,69.0,-34.633384,-58.354396,Boca
97500.0,49.0,-34.6177615,-58.383662,Centro / Microcentro
320000.0,70.0,-34.6037137392,-58.3815808896,Belgrano
140000.0,55.0,-34.582763,-58.4678723,Villa Urquiza
169000.0,56.0,-34.587953,-58.414446,Palermo
150000.0,50.0,-34.6405283,-58.5294588,Villa Luro
95000.0,33.0,-34.5750611,-58.4349785,Palermo
78000.0,32.0,-34.5974261,-58.4102733,Palermo
150000.0,80.0,-34.6003579,-58.4372479,Villa Crespo
315000.0,76.0,-34.5883623491,-58.396119055,Palermo
117000.0,60.0,-34.5627217,-58.4694253,Villa Urquiza
139500.0,70.0,-34.6045043,-58.4372375,Villa Crespo
127000.0,45.0,-34.5978249,-58.4164389,Palermo
99000.0,42.0,-34.565238,-58.4579407,Belgrano
130000.0,44.0,-34.572302,-58.494543,Villa Urquiza
98000.0,58.0,-34.6231081,-58.3969698,San Cristobal
107192.0,40.0,-34.5958969,-58.4715637,Paternal
98000.0,59.0,-34.6188814227,-58.4619426727,Flores
90000.0,33.0,-34.5652742,-58.4715823,Belgrano
55000.0,33.0,-34.6337047,-58.361699,Boca
215000.0,70.0,-34.580879,-58.413393,Palermo
89000.0,66.0,-34.5491427288,-58.4849882126,Saavedra
172000.0,58.0,-34.548591,-58.467478,Nuñez
99000.0,48.0,-34.5953909,-58.44852,Villa Crespo
88000.0,45.0,-34.6421604,-58.423024,Parque Chacabuco
177000.0,51.0,-34.570754,-58.433833,Palermo
145000.0,70.0,-34.5980379,-58.413308,Palermo
131353.0,36.0,-34.588481,-58.438827,Palermo
69000.0,52.0,-34.6302976,-58.3615014,Boca
129000.0,78.0,-34.6040434,-58.3680934,Once
123000.0,78.0,-34.6248303162,-58.4643307153,Flores
90000.0,59.0,-34.626881,-58.365201,Boca
292340.0,79.0,-34.567984,-58.4337562,Las Cañitas
75000.0,37.0,-34.613354,-58.4019882,Once
84500.0,48.0,,,
200000.0,63.0,-34.5652742,-58.4715823,Belgrano
81900.0,37.0,-34.6256447,-58.4611155,Flores
240000.0,84.0,-34.5434834448,-58.4713385688,Nuñez
98500.0,46.0,-34.5931338,-58.4351147,Villa Crespo
88000.0,52.0,-34.62241,-58.4665625,Flores
120000.0,80.0,-34.6063185,-58.4033244,Balvanera
100000.0,91.0,-34.602517,-58.442266,Villa Crespo
124861.0,47.0,-34.6244301,-58.3741828,San Telmo
78000.0,35.0,-34.6161607,-58.4584073,Caballito
98000.0,49.0,-34.6162229,-58.4184465,Almagro
97000.0,36.0,-34.5616857,-58.4631122,Belgrano
82000.0,37.0,-34.5653209202,-58.4716025037,Coghlan
95900.0,36.0,-34.6540398,-58.5062386,Mataderos
250000.0,100.0,-34.560082,-58.45572,Belgrano
69500.0,34.0,-34.609735996,-58.3986787482,Congreso
147500.0,80.0,-34.6101131,-58.4735066,Villa General Mitre
165000.0,60.0,-34.6277787,-58.4324062,Caballito
170000.0,76.0,-34.600477,-58.503557,Villa Devoto
82706.0,53.0,-34.631255,-58.370463,Barracas
94900.0,45.0,-34.6299454,-58.410117,Boedo
235000.0,84.0,-34.563687,-58.474474,Coghlan
109400.0,41.0,-34.5562335,-58.4619755,Belgrano
64500.0,65.0,,,Villa Lugano
154000.0,87.0,-34.615144,-58.391969,Monserrat
88000.0,38.0,-34.5710901,-58.490498,Villa Urquiza
123420.0,44.0,-34.54179,-58.476815,Nuñez
65000.0,37.0,-34.6282476151,-58.4653451944,Flores
120000.0,40.0,-34.5574837,-58.4806697,Saavedra
105000.0,45.0,-34.6025527,-58.4271351,Almagro
107000.0,63.0,-34.6112189,-58.405421,Once
145945.0,65.0,-34.6137748,-58.4777341,Villa Santa Rita
185000.0,60.0,-34.5674591,-58.4323692,Palermo
59800.0,32.0,-34.611205,-58.387349,Congreso
110000.0,42.0,-34.5990818,-58.3791226,Centro / Microcentro
57000.0,39.0,-34.6188284,-58.5188057,Villa Devoto
59000.0,35.0,-34.639711,-58.477235,Floresta
86000.0,36.0,-34.61335,-58.38465,Centro / Microcentro
98000.0,35.0,-34.6037137392,-58.3815808896,Belgrano
150000.0,60.0,-34.6532248,-58.5135284,Mataderos
115000.0,70.0,-34.626304,-58.47368,Flores
144000.0,53.0,-34.5971308,-58.4417361,Villa Crespo
178000.0,52.0,-34.5875583567,-58.4145884958,Palermo
263716.0,45.0,-34.567984,-58.4337562,Las Cañitas
186000.0,63.0,-34.623771,-58.440083,Caballito
210000.0,80.0,-34.6205971,-58.4608572,Flores
74500.0,35.0,-34.6170265,-58.4484746,Caballito
150000.0,38.0,-34.5890311,-58.4100626,Barrio Norte
129000.0,72.0,-34.6051385,-58.4056608,Once
165000.0,90.0,-34.5721502944,-58.4884859626,Villa Urquiza
225000.0,70.0,-34.5859727,-58.4148281,Palermo
151800.0,69.0,-34.6299244,-58.4098381,Parque Patricios
180000.0,70.0,-34.5774019,-58.4285728,Palermo
92000.0,40.0,-34.557305,-58.446278,Belgrano
340000.0,66.0,-34.5741087,-58.4320288,Palermo
140000.0,50.0,-34.5978249,-58.4164389,Palermo
134000.0,81.0,-34.637052,-58.472832,Floresta
103900.0,71.0,-34.609443,-58.399132,Once
194000.0,83.0,-34.556238,-58.468568,Nuñez
106000.0,45.0,-34.6298858,-58.4098611,Parque Patricios
179000.0,60.0,-34.5620844,-58.4566864,Belgrano
94000.0,47.0,-34.5945973678,-58.4420452511,Villa Crespo
142000.0,47.0,-34.5711496,-58.4232966,Palermo
57000.0,31.0,-34.623204,-58.406636,San Cristobal
170000.0,52.0,,,Barrio Norte
94188.0,31.0,-34.562909,-58.465303,Belgrano
95000.0,35.0,-34.5785739,-58.43757,Palermo
110000.0,60.0,,,Floresta
93900.0,37.0,-34.597942,-58.415551,Palermo
176000.0,47.0,-34.5620844,-58.4566864,Belgrano
149000.0,70.0,-34.6021538,-58.4335529,Villa Crespo
330000.0,75.0,-34.5625,-58.458333,Belgrano
158000.0,53.0,-34.573032,-58.437266,Palermo
125000.0,42.0,-34.616703,-58.4570045,Caballito
85000.0,45.0,-34.6202698,-58.3931932,Balvanera
169147.0,75.0,-34.5958969,-58.4715637,Paternal
114000.0,47.0,-34.617497,-58.4578104,Caballito
78000.0,37.0,-34.6079346,-58.4200398,Almagro
78000.0,45.0,-34.6028323,-58.3871904,Tribunales
183000.0,60.0,-34.615941,-58.439588,Caballito
125000.0,70.0,-34.6112232,-58.41567,Balvanera
152000.0,77.0,-34.6138745,-58.4050396,Balvanera
57634.0,35.0,-34.6186349,-58.478887,Flores
119500.0,68.0,-34.60162174,-58.43416395,Villa Crespo
249000.0,90.0,-34.609719,-58.43393,Caballito
127000.0,45.0,-34.59770557,-58.4166613563,Palermo
77000.0,33.0,,,
80000.0,71.0,-34.610506,-58.409379,Balvanera
109500.0,58.0,-34.5891219,-58.515064,Villa Devoto
104000.0,51.0,-34.6036844,-58.3815591,Villa Crespo
85000.0,35.0,-34.6082976,-58.4853178,Villa del Parque
154900.0,43.0,-34.587692,-58.3838697,Barrio Norte
88000.0,49.0,-34.640658,-58.438253,Parque Chacabuco
300000.0,88.0,-34.5761605,-58.4853088,Villa Urquiza
100000.0,47.0,-34.6049321,-58.4350536,Caballito
158000.0,52.0,-34.563191299,-58.4899569345,Villa Urquiza
123000.0,44.0,-34.5546395,-58.4393927,Belgrano
135000.0,51.0,-34.584358,-58.442652,Palermo
60000.0,40.0,-34.6508775,-58.505965,Mataderos
82000.0,45.0,-34.6396998,-58.5346936,Villa Luro
290000.0,67.0,-34.5865616106,-58.400336361,Recoleta
94000.0,50.0,-34.6120966048,-58.4009582373,Balvanera
145569.0,50.0,-34.572721,-58.483565,Villa Urquiza
159000.0,64.0,-34.5596974,-58.4576976,Belgrano
95000.0,32.0,-34.5951055,-58.3857913,Barrio Norte
62000.0,31.0,-34.629373,-58.364734,Boca
102000.0,31.0,-34.5551569,-58.4535714,Belgrano
52064.0,66.0,-34.5413289,-58.473409,Saavedra
120000.0,46.0,-34.60164,-58.433828,Villa Crespo
129000.0,43.0,-34.5817888,-58.449509,Colegiales
160000.0,38.0,-34.5745068,-58.458131,Colegiales
95000.0,37.0,-34.6037137392,-58.3815808896,Belgrano
95000.0,42.0,-34.5980302,-58.4466782,Caballito
185000.0,90.0,-34.5981389,-58.4272486,Villa Crespo
102000.0,47.0,,,Saavedra
190000.0,92.0,-34.5688625,-58.4509752,Belgrano
108576.0,47.0,-34.5904622,-58.370987,Paternal
95900.0,50.0,-34.6102476,-58.3875204,Congreso
208000.0,83.0,-34.55634,-58.468519,Nuñez
92000.0,36.0,-34.607284,-58.448776,Caballito
169500.0,38.0,-34.582673,-58.4439135,Palermo
178100.0,37.0,-34.5905181,-58.3886654,Recoleta
93750.0,35.0,-34.6068285,-58.4276256,Almagro
235000.0,84.0,-34.5732902979,-58.4314790193,Palermo
94000.0,33.0,-34.5817888,-58.449509,Colegiales
123000.0,40.0,-34.6047969,-58.454126,Villa Crespo
124000.0,43.0,-34.5817888,-58.449509,Colegiales
150000.0,70.0,-34.64835,-58.500701,Mataderos
95000.0,32.0,-34.6144833,-58.4372879,Caballito
77000.0,35.0,-34.6174676,-58.4378943,Caballito
139900.0,60.0,-34.577468,-58.490031,Villa Urquiza
162000.0,45.0,-34.5636498,-58.4653792,Belgrano
149310.0,52.0,-34.6132205,-58.4412194,Caballito
97500.0,39.0,-34.597713,-58.424199,Palermo
110000.0,45.0,-34.617307962,-58.37515263,San Telmo
89000.0,47.0,-34.633155,-58.472371,Flores
78000.0,33.0,-34.5653209202,-58.4716025037,Coghlan
118000.0,62.0,-34.614914,-58.37457,Monserrat
110000.0,73.0,-34.626396,-58.465135,Flores
118000.0,43.0,-34.5592184,-58.4660872,Belgrano
254000.0,79.0,-34.5915663,-58.5068965,Villa Devoto
63000.0,31.0,-34.6158913,-58.4957844,Villa del Parque
67000.0,39.0,-34.613335,-58.3844801,Monserrat
75000.0,38.0,-34.603471,-58.397484,Balvanera
137800.0,44.0,-34.607026,-58.442438,Caballito
82000.0,36.0,-34.6035914,-58.440711,Villa Crespo
97000.0,42.0,-34.5754338,-58.4725369,Villa Urquiza
95000.0,80.0,-34.5791176158,-58.5127033839,Villa Pueyrredón
85000.0,45.0,-34.6202698,-58.3931932,San Cristobal
84500.0,35.0,-34.61335,-58.38465,Centro / Microcentro
174000.0,68.0,-34.5617581344,-58.4446591455,Belgrano
158000.0,65.0,-34.6028305,-58.4887769,Villa del Parque
157500.0,48.0,-34.6223362,-58.4348699,Caballito
83000.0,68.0,-34.611306,-58.487096,Villa Santa Rita
109539.0,47.0,,,San Telmo
125000.0,47.0,-34.5702998,-58.4900365,Villa Urquiza
138300.0,32.0,-34.56758,-58.4344,Palermo
144500.0,42.0,-34.5546333,-58.4673952,Nuñez
200000.0,94.0,-34.5997272,-58.4058463,Once
194000.0,84.0,-34.629394,-58.506856,Monte Castro
84000.0,40.0,-34.57207,-58.474729,Villa Urquiza
125000.0,50.0,-34.6026102,-58.4688818,Paternal
130000.0,38.0,-34.5943105,-58.3899849,Barrio Norte
181000.0,54.0,-34.615626,-58.3845014,San Telmo
162000.0,94.0,-34.614918,-58.373853,Monserrat
99500.0,36.0,-34.5956416,-58.4096182,Palermo
307000.0,80.0,-34.5864796,-58.4304316,Palermo
330000.0,90.0,-34.5831888,-58.4104439,Palermo
93000.0,42.0,-34.565454,-58.47375,Coghlan
210000.0,70.0,-34.587509,-58.386782,Recoleta
122000.0,48.0,-34.573364,-58.480496,Villa Urquiza
140000.0,54.0,-34.5735609684,-58.4585732418,Colegiales
95000.0,63.0,-34.6111511,-58.3683637,Monserrat
146065.0,31.0,-34.5679891,-58.4339848,Las Cañitas
89000.0,50.0,-34.6347549,-58.478059,Floresta
120000.0,48.0,-34.587728,-58.406951,Barrio Norte
135000.0,72.0,-34.606705,-58.391341,San Nicolás
158000.0,84.0,-34.613184,-58.425465,Almagro
190000.0,37.0,-34.5951698271,-58.3900615127,Recoleta
98000.0,34.0,-34.5527392,-58.468131,Nuñez
126000.0,42.0,-34.580237,-58.458475,Colegiales
116000.0,47.0,-34.5800551977,-58.4966889656,Villa Pueyrredón
159500.0,66.0,-34.625307,-58.415024,Boedo
195000.0,50.0,-34.5779764,-58.4231617,Palermo
119000.0,70.0,-34.6165788,-58.3916393,Monserrat
64000.0,37.0,,,San Cristobal
95000.0,37.0,-34.5562825,-58.4790126,Saavedra
105600.0,48.0,-34.597077,-58.425186,Palermo
74000.0,41.0,,,
110000.0,50.0,-34.6119236451,-58.3982587534,Balvanera
83900.0,50.0,-34.614868,-58.480929,Villa del Parque
80000.0,38.0,-34.6067469613,-58.4088375128,Balvanera
55000.0,56.0,,,Villa Lugano
370000.0,85.0,-34.5777768601,-58.4242981875,Palermo
185000.0,84.0,-34.629394,-58.506856,Monte Castro
177000.0,64.0,-34.5981592,-58.3973811,Barrio Norte
155000.0,38.0,-34.593676,-58.379997,Retiro
95876.0,34.0,-34.5731507,-58.482362,Villa Urquiza
125000.0,44.0,-34.6047861,-58.4618321,Villa Crespo
195000.0,100.0,-34.6080508511,-58.394733431,Congreso
75000.0,33.0,-34.6103153,-58.4084491,Balvanera
162000.0,45.0,-34.5900864,-58.4202008,Palermo
195000.0,59.0,-34.6113138,-58.4390404,Caballito
220000.0,72.0,-34.5502714,-58.4531919,Nuñez
130000.0,46.0,-34.6362315,-58.3755151,Barracas
195000.0,78.0,-34.5611793,-58.4528278,Belgrano
58682.0,35.0,-34.6186349,-58.478887,Flores
84000.0,36.0,-34.5719526,-58.4744425,Villa Urquiza
130000.0,55.0,-34.6016325511,-58.3874569455,San Nicolás
120000.0,35.0,-34.6037137392,-58.3815808896,Barrio Norte
214500.0,72.0,-34.625293,-58.415027,Boedo
97000.0,55.0,-34.6516134,-58.5267535,Liniers
138000.0,44.0,-34.5666853,-58.4533789,Belgrano
166000.0,56.0,-34.5902079,-58.4070158,Barrio Norte
187000.0,52.0,-34.5765945,-58.4366908,Palermo
125000.0,54.0,-34.5507808,-58.4546238,Nuñez
105000.0,44.0,-34.625307,-58.415024,Boedo
92000.0,41.0,-34.5920939,-58.4149529,Palermo
225000.0,100.0,-34.574005,-58.452201,Colegiales
118750.0,54.0,-34.6100367846,-58.4787115886,Villa Santa Rita
159000.0,48.0,-34.617817,-58.41679,Almagro
78000.0,32.0,-34.6057934,-58.4886936,Villa del Parque
72000.0,36.0,-34.635054029,-58.5076770037,Villa Luro
102000.0,55.0,-34.6346394966,-58.4687913095,Flores
151200.0,62.0,-34.6540398,-58.5062386,Mataderos
265000.0,100.0,-34.560254,-58.458314,Belgrano
125000.0,60.0,,,
74900.0,39.0,-34.6008847,-58.4041809,Barrio Norte
128000.0,34.0,-34.5681247,-58.4779329,Villa Urquiza
176900.0,44.0,-34.5833192,-58.4212702,Palermo
99500.0,61.0,-34.620746,-58.466882,Flores
90000.0,55.0,-34.6032175,-58.4337376,Parque Centenario
120000.0,61.0,-34.6344407,-58.4747469,Floresta
79500.0,31.0,,,Congreso
100000.0,34.0,-34.5859299,-58.4404055,Palermo
239000.0,76.0,-34.5605920994,-58.4439501857,Belgrano
75000.0,31.0,-34.5970229048,-58.4459532074,Villa Crespo
77000.0,41.0,-34.6191016,-58.4415901,Caballito
93000.0,43.0,-34.6374004,-58.4036222,Parque Patricios
129000.0,63.0,-34.6118423,-58.4116076,Almagro
165000.0,74.0,-34.6087195,-58.4310415,Almagro
89200.0,39.0,-34.593858,-58.427728,Palermo
83000.0,34.0,-34.5673276193,-58.4726674568,Belgrano
147000.0,43.0,-34.62818,-58.429483,Caballito
67800.0,47.0,-34.6188284,-58.5188057,Villa Devoto
175000.0,71.0,-34.5673016,-58.4655247,Belgrano
215000.0,61.0,-34.5965586611,-58.4198318965,Palermo
117000.0,38.0,-34.594215,-58.417675,Palermo
81000.0,41.0,-34.6191016,-58.4415901,Caballito
145000.0,75.0,-34.6092415,-58.3926706,Congreso
160000.0,64.0,-34.5992702,-58.4166238,Abasto
92200.0,46.0,,,Floresta
235000.0,100.0,-34.595688,-58.4031864,Palermo
59000.0,33.0,-34.6037232,-58.3815931,Centro / Microcentro
75000.0,35.0,-34.5599177,-58.4451113,Belgrano
112000.0,47.0,-34.5649596,-58.447231,Belgrano
185000.0,90.0,-34.5982154569,-58.4272289729,Almagro
240000.0,70.0,-34.5597901,-58.4600378,Belgrano
73000.0,34.0,-34.6415746,-58.5184591,Liniers
73000.0,38.0,-34.6253319,-58.4446144,Caballito
73800.0,41.0,-34.597773,-58.448669,Villa Crespo
179000.0,60.0,-34.629059,-58.452973,Caballito
215000.0,60.0,-34.6206092,-58.4608419,Flores
175000.0,52.0,-34.5952542908,-58.391844545,Barrio Norte
89000.0,38.0,-34.5688712,-58.4884216,Villa Urquiza
238000.0,58.0,-34.6153103,-58.3619834,Puerto Madero
70000.0,32.0,,,Villa Pueyrredón
129000.0,40.0,-34.5605032026,-58.46487789,Coghlan
82000.0,36.0,-34.6292633,-58.4423561,Caballito
83000.0,31.0,-34.6177615,-58.383662,Monserrat
196500.0,80.0,-34.59475,-58.4398737,Villa Crespo
59000.0,31.0,-34.629183,-58.367205,Boca
158000.0,50.0,-34.5429525535,-58.4752246958,Nuñez
169500.0,43.0,-34.5564409,-58.4558606,Belgrano
132000.0,45.0,-34.5838241482,-58.4746594639,Villa Urquiza
69900.0,40.0,-34.615335,-58.467726,Flores
96000.0,48.0,-34.6222160238,-58.3864451242,Monserrat
75000.0,35.0,-34.6159959,-58.4056751,Balvanera
217258.0,59.0,-34.633021,-58.370341,Barracas
137500.0,46.0,,,Las Cañitas
81420.0,60.0,-34.601069,-58.493689,Villa del Parque
140000.0,70.0,-34.624762,-58.4874662,Floresta
180000.0,65.0,-34.5696758,-58.463398,Belgrano
155000.0,39.0,,,Belgrano
167500.0,64.0,-34.5620844,-58.4566864,Belgrano
89900.0,40.0,-34.569206,-58.485498,Villa Urquiza
114000.0,35.0,-34.5691963,-58.4453972,Belgrano
235000.0,91.0,-34.6158886255,-58.437963796,Caballito
292666.0,100.0,-34.564511,-58.464647,Belgrano
157000.0,57.0,-34.6223398871,-58.4085322312,San Cristobal
135000.0,85.0,-34.6231081,-58.3969698,San Cristobal
114000.0,41.0,-34.598681,-58.4824163,Agronomía
180000.0,68.0,-34.5748532,-58.4351103,Palermo
85000.0,47.0,-34.5788213,-58.5123951,Villa Pueyrredón
215000.0,91.0,-34.5995274946,-58.4120965492,Abasto
88000.0,40.0,-34.597077,-58.425186,Palermo
75000.0,35.0,-34.5830851961,-58.4342109894,Palermo
110000.0,52.0,-34.6000146,-58.4424739,Villa Crespo
116000.0,34.0,-34.566074,-58.4370236,Belgrano
210000.0,80.0,-34.6007131,-58.4202366,Almagro
72000.0,33.0,-34.622464,-58.398128,San Cristobal
140000.0,90.0,,,
88000.0,42.0,-34.5865757741,-58.4743192617,Villa Urquiza
106000.0,40.0,-34.58306,-58.425668,Palermo
65000.0,42.0,-34.6185154136,-58.384250494,
147668.0,50.0,-34.572721,-58.483565,Villa Urquiza
200000.0,98.0,-34.63953,-58.36848,Barracas
90000.0,32.0,-34.6036414,-58.4325251,Almagro
74000.0,35.0,-34.5961001,-58.3725005,Barrio Norte
229000.0,81.0,-34.579892,-58.487256,Villa Urquiza
109000.0,45.0,-34.5675,-58.4867,Villa Urquiza
134000.0,46.0,-34.623771,-58.440083,Caballito
85000.0,32.0,-34.5987444,-58.478377,Villa del Parque
187000.0,70.0,-34.596971,-58.411897,Barrio Norte
67000.0,36.0,-34.609767,-58.48096,Villa General Mitre
82000.0,47.0,-34.6158792,-58.3945889,Balvanera
78000.0,35.0,-34.6093189,-58.4047408,Almagro
151000.0,52.0,-34.5817888,-58.449509,Colegiales
128700.0,53.0,-34.5679755,-58.4853085,Villa Urquiza
106575.0,48.0,-34.5904622,-58.370987,Paternal
169000.0,80.0,-34.6304379,-58.5086269,Floresta
148500.0,63.0,-34.6496586,-58.4606052,Flores
138000.0,58.0,-34.6037137392,-58.3815808896,Nuñez
108000.0,52.0,-34.6105,-58.48767,Villa Santa Rita
130000.0,59.0,-34.5815882,-58.4520274,Colegiales
159000.0,67.0,-34.552501,-58.46205,Nuñez
112000.0,60.0,-34.6103717723,-58.3990649863,Congreso
63000.0,60.0,-34.6656633557,-58.473245464,Villa Lugano
240000.0,62.0,-34.5790352,-58.4382526,Palermo
114000.0,36.0,-34.5816906,-58.4433183,Palermo
87000.0,40.0,-34.608967,-58.4215078,Almagro
290000.0,94.0,,,Palermo
89900.0,58.0,-34.603259,-58.384523,San Nicolás
157000.0,79.0,-34.5502703,-58.4852938,Saavedra
72000.0,32.0,,,
99000.0,62.0,-34.6072024,-58.3960166,Congreso
235000.0,64.0,-34.6037137392,-58.3815808896,Palermo
92000.0,51.0,-34.591646,-58.511697,Villa Devoto
217450.0,65.0,-34.5542242,-58.4678339,Nuñez
99000.0,74.0,-34.6067928198,-58.4035746716,Once
80000.0,38.0,-34.6213780165,-58.4469826183,Caballito
92500.0,33.0,-34.563577,-58.4580911,Belgrano
185000.0,60.0,-34.615941,-58.439588,Caballito
140000.0,59.0,-34.596325,-58.377785,Retiro
159500.0,85.0,-34.6026367044,-58.4264396131,Almagro
105000.0,42.0,-34.5787274,-58.4531989,Colegiales
72000.0,39.0,-34.641812,-58.368394,Barracas
77000.0,40.0,-34.63661,-58.376602,Barracas
90000.0,35.0,-34.5969727,-58.3856823,Barrio Norte
76000.0,45.0,-34.6385,-58.399602,Parque Patricios
75000.0,37.0,-34.605877,-58.382792,San Nicolás
65000.0,40.0,-34.583042,-58.467363,Villa Urquiza
94000.0,36.0,-34.6031267,-58.4410494,Villa Crespo
150000.0,38.0,-34.5803811746,-58.4320828823,Palermo
97500.0,42.0,-34.5787274,-58.4531989,Colegiales
190000.0,70.0,-34.5987662,-58.4288001,Villa Crespo
129000.0,43.0,-34.5995741,-58.3783338,Centro / Microcentro
190000.0,95.0,-34.6036844,-58.3815591,Tribunales
170000.0,92.0,-34.625389,-58.413541,Boedo
171546.0,65.0,-34.5731507,-58.482362,Villa Urquiza
72200.0,38.0,-34.609475,-58.41186,Almagro
240000.0,90.0,-34.5685902,-58.4508871,Belgrano
100000.0,41.0,-34.602897,-58.466634,Paternal
127000.0,43.0,-34.5429613909,-58.4751603228,Nuñez
79500.0,40.0,-34.6183465,-58.3953095,San Cristobal
110000.0,32.0,-34.567238,-58.43349,Palermo
129000.0,78.0,-34.624859,-58.3712223,San Telmo
82000.0,38.0,-34.6078336561,-58.4401722761,Caballito
136000.0,45.0,-34.6047969,-58.454126,Villa Crespo
210000.0,56.0,-34.5814909,-58.4483922,Chacarita
126024.0,49.0,-34.6244303,-58.3741828,San Telmo
148000.0,74.0,-34.6118423,-58.4116076,Balvanera
120000.0,55.0,-34.6020947,-58.3739078,San Nicolás
142000.0,70.0,-34.6071646,-58.5228789,Villa Devoto
99000.0,35.0,-34.596362,-58.408906,Recoleta
210000.0,56.0,-34.5814909,-58.4483922,Colegiales
190000.0,100.0,-34.6057005,-58.3779666,Barrio Norte
199224.0,63.0,-34.595916,-58.408314,Recoleta
38502.0,47.0,-34.5413289,-58.473409,Saavedra
220000.0,75.0,-34.5596836,-58.4904958,Villa Urquiza
225208.0,88.0,-34.6244303,-58.3741828,San Telmo
125000.0,55.0,-34.5912773,-58.4416662,Villa Crespo
83000.0,86.0,-34.6705783,-58.4841809,Villa Lugano
225000.0,90.0,-34.6156782,-58.437488,Caballito
150000.0,49.0,-34.5773967,-58.4516667,Colegiales
272000.0,97.0,-34.630683,-58.376584,Barracas
70000.0,32.0,-34.6294067,-58.4127411,Boedo
83000.0,42.0,-34.621272,-58.40287,Balvanera
160000.0,43.0,-34.5751613,-58.4233104,Palermo
165000.0,38.0,-34.5755567,-58.4304393,Palermo
63000.0,38.0,-34.6137253,-58.3728084,San Telmo
168000.0,50.0,-34.5904753408,-58.3936368302,Recoleta
82000.0,33.0,-34.597255,-58.447667,Villa Crespo
99000.0,45.0,-34.6276247,-58.4529543,Caballito
106000.0,46.0,-34.6442699,-58.5025351,Villa Luro
270000.0,98.0,-34.5609480964,-58.4673991624,Belgrano
144000.0,77.0,-34.6072231428,-58.4291029764,Almagro
125000.0,68.0,-34.617564,-58.441708,Caballito
158000.0,50.0,-34.5946238,-58.379221,Barrio Norte
93870.0,44.0,-34.570083,-58.476073,Villa Urquiza
250000.0,71.0,-34.57923,-58.49313,Villa Urquiza
186800.0,64.0,-34.597769,-58.42644,Villa Crespo
195000.0,85.0,-34.5638525081,-58.4838053545,Villa Urquiza
74087.0,32.0,-34.6014487472,-58.3971252862,Constitución
45000.0,50.0,-34.6633029,-58.4454522,Villa Soldati
120000.0,40.0,-34.551277,-58.452521,Nuñez
91266.0,47.0,-34.570083,-58.476073,Villa Urquiza
99000.0,51.0,-34.582715,-58.469238,Villa Ortuzar
76600.0,38.0,-34.602067,-58.402305,Balvanera
235000.0,81.0,-34.549143,-58.470676,Nuñez
85000.0,44.0,-34.627564,-58.4109898,Boedo
107000.0,62.0,-34.6212406,-58.4666283,Flores
149000.0,45.0,-34.5548321,-58.4397076,Belgrano
350000.0,94.0,-34.5870294,-58.3867265,Recoleta
78000.0,35.0,-34.6081332773,-58.3955311775,Balvanera
81000.0,50.0,-34.6113848,-58.4073279,Balvanera
245000.0,90.0,-34.5856133,-58.3880367,Recoleta
78000.0,40.0,-34.5917857,-58.5000224,Villa Pueyrredón
235000.0,100.0,-34.595688,-58.4031864,Recoleta
258000.0,81.0,-34.578295,-58.449588,Colegiales
76000.0,37.0,-34.6094234,-58.4811357,Villa del Parque
198582.0,69.0,-34.5546524,-58.4936437,Saavedra
188000.0,54.0,-34.5546708,-58.4673571,Nuñez
72000.0,42.0,-34.6097966,-58.4417116,Caballito
395000.0,96.0,-34.5444968679,-58.4748245049,Nuñez
105000.0,37.0,-34.5487871,-58.4699005,Nuñez
182912.0,86.0,-34.598737,-58.426602,Almagro
202600.0,57.0,-34.597769,-58.42644,Villa Crespo
165000.0,67.0,-34.5551887553,-58.4923765662,Saavedra
88000.0,48.0,-34.6042164,-58.4351228,Villa Crespo
85000.0,33.0,,,
91752.0,36.0,-34.5546524,-58.4936437,Saavedra
99000.0,69.0,-34.591902,-58.4392085,Villa Crespo
104867.0,41.0,-34.6007158,-58.3898921,Barrio Norte
141500.0,50.0,-34.5851,-58.441472,Palermo
82000.0,31.0,-34.6023656,-58.4319354,Almagro
140000.0,59.0,-34.580597,-58.4361045,Palermo
220000.0,63.0,-34.5591026,-58.4535522,Belgrano
157000.0,61.0,-34.629394,-58.506856,Monte Castro
155000.0,41.0,-34.6003,-58.4835,Villa del Parque
340000.0,60.0,-34.6148839,-58.363056,Puerto Madero
210000.0,97.0,-34.5600507604,-58.4853089188,Saavedra
145000.0,70.0,-34.6010616,-58.3913036,Barrio Norte
129000.0,56.0,-34.6137602704,-58.3924651819,Balvanera
136000.0,45.0,-34.5978249,-58.4164389,Palermo
90000.0,40.0,-34.59962,-58.401926,Barrio Norte
120000.0,84.0,-34.609687,-58.380253,Centro / Microcentro
310000.0,93.0,-34.5552589546,-58.4523570523,Belgrano
89000.0,40.0,-34.6006047,-58.4313315,Villa Crespo
84000.0,32.0,-34.601351,-58.416324,Palermo
45000.0,43.0,-34.670624,-58.4801284,Villa Lugano
95000.0,40.0,-34.605237,-58.424402,Almagro
139500.0,70.0,-34.6045043,-58.4372375,Villa Crespo
120000.0,53.0,,,
157000.0,79.0,-34.6344407,-58.4747469,Floresta
140000.0,50.0,-34.5978249,-58.416439,Barrio Norte
74000.0,45.0,-34.6076201,-58.4047704,Balvanera
130000.0,64.0,-34.5994476,-58.4430332,Villa Crespo
150000.0,62.0,-34.6015135,-58.3970762,Barrio Norte
210000.0,50.0,-34.5810966,-58.44944,Colegiales
270000.0,82.0,-34.5907251,-58.417271,Palermo
235000.0,82.0,-34.5501792,-58.4552667,Nuñez
220000.0,61.0,-34.5864688,-58.4019246,Barrio Norte
69000.0,32.0,-34.613661,-58.385339,Monserrat
150000.0,80.0,-34.6044772,-58.4066461,Once
210000.0,86.0,-34.594393,-58.3976095,Barrio Norte
190000.0,52.0,-34.59567,-58.4250069,Palermo
180000.0,95.0,-34.5821946284,-58.4466281358,Palermo
97000.0,50.0,-34.625973,-58.4702829,Flores
145000.0,46.0,-34.6362315,-58.3755151,Barracas
212000.0,64.0,,,Palermo
149900.0,50.0,-34.5966603,-58.4134262,Barrio Norte
140000.0,37.0,-34.5541925,-58.4364109,Belgrano
181000.0,66.0,-34.5550271303,-58.4670778307,Nuñez
96884.0,32.0,-34.5731507,-58.482362,Villa Urquiza
89692.0,32.0,-34.572721,-58.483565,Villa Urquiza
209300.0,87.0,-34.5425158316,-58.4764863962,Nuñez
62000.0,43.0,-34.6240024,-58.3905883,Constitución
81000.0,41.0,-34.6191016,-58.4415901,Caballito
91000.0,59.0,-34.619965,-58.403736,San Cristobal
183000.0,60.0,-34.6159418,-58.4395511,Caballito
85000.0,34.0,-34.56599,-58.455554,Belgrano
171500.0,67.0,-34.6442699,-58.5025351,Villa Luro
162000.0,65.0,-34.586191,-58.440431,Palermo
78000.0,33.0,-34.5981389,-58.4272486,Almagro
85000.0,34.0,-34.629553,-58.445098,Caballito
45000.0,50.0,,,Villa Lugano
114000.0,48.0,-34.636497,-58.477391,Flores
123000.0,42.0,-34.5693075,-58.4872505,Villa Urquiza
97000.0,42.0,-34.5768523,-58.4467259,Colegiales
88000.0,40.0,-34.5802581,-58.4516902,Colegiales
107000.0,52.0,,,Balvanera
107000.0,64.0,-34.6055653,-58.4042304,Centro / Microcentro
115000.0,52.0,-34.603514,-58.4086976,Balvanera
42900.0,37.0,-34.619206,-58.464003,Flores
100000.0,39.0,-34.6385635,-58.5069196,Villa Luro
103000.0,34.0,-34.5675345,-58.4635655,Villa Urquiza
151000.0,74.0,-34.5809198064,-58.4735409037,Villa Urquiza
76500.0,33.0,-34.579282,-58.48918,Villa Urquiza
76000.0,36.0,-34.6295475,-58.4709833,Flores
204000.0,81.0,-34.5683121,-58.4481303,Belgrano
70000.0,42.0,-34.6436707316,-58.5264935914,Liniers
149300.0,60.0,-34.61903,-58.5033054,Monte Castro
85000.0,44.0,-34.603103,-58.391606,Tribunales
82000.0,35.0,-34.5712574,-58.4907739,Villa Urquiza
180000.0,42.0,-34.6156051,-58.3667587,Puerto Madero
180000.0,47.0,-34.591654,-58.407011,Barrio Norte
88000.0,52.0,-34.6223873521,-58.4664987485,Flores
112000.0,43.0,-34.6230256866,-58.3727027954,San Telmo
135000.0,36.0,-34.5701591,-58.4421064,Belgrano
119000.0,59.0,-34.6193201,-58.4359247,Caballito
79000.0,36.0,-34.6037232,-58.3815931,Tribunales
121163.0,47.0,-34.6244303,-58.3741828,San Telmo
75000.0,35.0,-34.6324065,-58.4656039,Flores
225000.0,56.0,-34.5693736,-58.4318315,Palermo
188669.0,86.0,-34.598737,-58.426602,Villa Crespo
95000.0,60.0,-34.63854,-58.496983,Villa Luro
169000.0,71.0,-34.5942383,-58.4262238,Palermo
167760.0,70.0,-34.586169,-58.440469,Palermo
120000.0,37.0,-34.572851,-58.4375563,Palermo
80000.0,48.0,-34.6110779,-58.4102191,Once
220000.0,93.0,-34.5558735,-58.4661888,Belgrano
190000.0,69.0,-34.6371798,-58.3748165,Barracas
91000.0,44.0,-34.6017707,-58.384459,Tribunales
186250.0,72.0,-34.5720808,-58.4825026,Villa Urquiza
120000.0,40.0,-34.5634334,-58.4925522,Villa Urquiza
75000.0,32.0,-34.6044546,-58.4247405,Almagro
94000.0,49.0,-34.54384,-58.480901,Nuñez
80500.0,34.0,-34.6177615,-58.383662,Centro / Microcentro
149700.0,81.0,-34.6197018313,-58.4031357078,San Cristobal
85000.0,34.0,-34.6362625,-58.4551077,Parque Chacabuco
105000.0,45.0,-34.6057123,-58.3752095,San Nicolás
138000.0,56.0,-34.5877406,-58.4504674,Chacarita
240000.0,93.0,-34.5895459,-58.3973636,Barrio Norte
105000.0,42.0,-34.63099,-58.4201892,Boedo
181000.0,57.0,-34.6156249,-58.3844367,San Telmo
124500.0,31.0,-34.5920784,-58.3943032,Recoleta
116000.0,45.0,-34.5982695,-58.3840684,Retiro
116629.0,46.0,-34.54179,-58.476815,Nuñez
74500.0,34.0,-34.6195076,-58.4780504,Flores
91000.0,44.0,-34.5916793651,-58.5089431513,Villa Devoto
118000.0,41.0,-34.598681,-58.4824163,Agronomía
125000.0,60.0,-34.6011372,-58.4340934,Almagro
96000.0,53.0,-34.644666,-58.492305,Parque Avellaneda
71000.0,35.0,-34.58115,-58.4906503,Villa Urquiza
320000.0,87.0,-34.5862396,-58.387691,Barrio Norte
155000.0,50.0,-34.5613248,-58.473799,Belgrano
97000.0,43.0,,,
151000.0,79.0,-34.6344407,-58.4747469,Floresta
71000.0,45.0,-34.61699,-58.501865,Villa Devoto
270000.0,95.0,-34.562809,-58.4507531,Belgrano
85000.0,65.0,-34.650365071,-58.3944820539,Balvanera
100000.0,64.0,-34.6063147,-58.4552427,Paternal
165000.0,46.0,-34.6017958,-58.417173,Almagro
89000.0,47.0,-34.6162124537,-58.4634495189,Flores
180000.0,56.0,-34.5962592253,-58.3741856989,Retiro
79700.0,34.0,-34.570884,-58.488694,Villa Urquiza
98000.0,33.0,-34.6254804,-58.4516687,Caballito
190000.0,100.0,-34.5991511,-58.3878576,Barrio Norte
78000.0,36.0,-34.5838997,-58.4734685,Villa Urquiza
350000.0,92.0,-34.55091,-58.462629,Nuñez
90000.0,34.0,-34.5986369,-58.3964393,Barrio Norte
225000.0,87.0,-34.60091,-58.429238,Almagro
110000.0,36.0,-34.5583142938,-58.4748078968,Nuñez
149000.0,60.0,-34.554763,-58.453853,Belgrano
55000.0,43.0,-34.6302770424,-58.4649038315,Flores
110000.0,45.0,-34.5803928,-58.4266544,Palermo
181500.0,51.0,-34.61301,-58.440344,Caballito
75000.0,37.0,-34.6186125,-58.4633363,Flores
69500.0,35.0,-34.6211839,-58.3731163,San Telmo
84000.0,36.0,-34.5719526,-58.4744425,Villa Urquiza
95000.0,63.0,-34.6357128,-58.4894074,Floresta
225000.0,58.0,-34.5784859,-58.4130675,Palermo
97000.0,72.0,-34.6061331719,-58.4002666159,Congreso
131040.0,41.0,-34.5710926,-58.4846052,Villa Urquiza
95000.0,49.0,-34.614843,-58.427052,Caballito
347000.0,101.0,-34.584736,-58.421911,Palermo
70000.0,32.0,-34.621232,-58.416163,Boedo
91800.0,37.0,-34.551479,-58.467846,Nuñez
78000.0,35.0,-34.5833574,-58.4730172,Villa Urquiza
88500.0,44.0,-34.569164,-58.491747,Villa Urquiza
280000.0,80.0,-34.574365,-58.4643686,Belgrano
200950.0,42.0,-34.5844586043,-58.4006962282,Recoleta
200000.0,74.0,,,Recoleta
185000.0,71.0,-34.5560360938,-58.4465334371,Belgrano
130000.0,80.0,-34.553296,-58.475847,Saavedra
100000.0,38.0,-34.6362315,-58.3755151,Barracas
134367.0,31.0,-34.567984,-58.4337562,Las Cañitas
84800.0,43.0,,,Parque Chas
106000.0,53.0,-34.632183,-58.4084877,Parque Patricios
72000.0,31.0,-34.6173396,-58.4493817,Caballito
86000.0,43.0,-34.6037137392,-58.3815808896,Abasto
150000.0,85.0,-34.6018613,-58.4035376,Balvanera
84000.0,54.0,-34.605101,-58.412068,Balvanera
240000.0,80.0,-34.5548,-58.4720282,Coghlan
155000.0,76.0,-34.586089,-58.438552,Chacarita
140000.0,38.0,-34.5936142,-58.3800404,Recoleta
159000.0,100.0,-34.6143519,-58.4155753,Boedo
180000.0,74.0,-34.6416277,-58.5010498,Villa Luro
115000.0,50.0,-34.5726966,-58.4855637,Villa Urquiza
115000.0,63.0,-34.6107126,-58.4144973,Almagro
185000.0,70.0,-34.6004183,-58.3914694,Barrio Norte
99500.0,45.0,-34.5487587,-58.4781638,Saavedra
274700.0,92.0,-34.597769,-58.42644,Villa Crespo
116000.0,49.0,-34.549992,-58.454978,Belgrano
120488.0,37.0,-34.6013646,-58.4348718,Villa Crespo
330000.0,95.0,-34.5963548,-58.4091008,Palermo
86000.0,38.0,-34.604910624,-58.4870517864,Villa del Parque
87000.0,45.0,-34.6148347082,-58.4761596514,Villa General Mitre
105000.0,50.0,-34.599565,-58.428442,Villa Crespo
110000.0,50.0,-34.8173937,-58.3694352,Balvanera
169000.0,57.0,-34.6077874,-58.4305756,Almagro
82000.0,40.0,-34.619799,-58.4031238,San Cristobal
190000.0,85.0,-34.5999939,-58.490688,Villa del Parque
93600.0,36.0,-34.6002806,-58.4042963,Once
82500.0,41.0,-34.625227,-58.457758,Flores
83000.0,36.0,-34.616045,-58.446676,Caballito
92000.0,45.0,,,Chacarita
239700.0,75.0,-34.6132205,-58.4412194,Caballito
108425.0,34.0,-34.5777784,-58.4351583,Palermo
79500.0,36.0,-34.60808733,-58.43089266,Villa Crespo
200000.0,70.0,-34.58925,-58.428453,Palermo
70000.0,37.0,-34.5992209,-58.4309352,Villa Crespo
176000.0,72.0,-34.5979152429,-58.4171490527,Palermo
140000.0,46.0,-34.5749336,-58.4405971,Palermo
125000.0,63.0,-34.6469555,-58.3777183,Barracas
85000.0,51.0,-34.623616,-58.369884,San Telmo
115000.0,53.0,-34.6152044,-58.420211,Caballito
155000.0,60.0,-34.5677748,-58.4473378,Belgrano
90000.0,45.0,-34.619314,-58.477517,Villa Santa Rita
108000.0,34.0,-34.5654945,-58.4577148,Belgrano
170500.0,45.0,-34.5900864,-58.4202008,Palermo
72900.0,32.0,-34.605643,-58.455291,Villa Crespo
195086.0,69.0,-34.5546524,-58.4936437,Saavedra
223000.0,75.0,-34.5613262,-58.4670415,Belgrano
73000.0,35.0,-34.6157948,-58.4815938,Villa Santa Rita
195000.0,77.0,-34.5986972,-58.5002574,Villa Devoto
260000.0,62.0,-34.588432,-58.382937,Recoleta
169000.0,42.0,-34.5881639,-58.4332902,Palermo
89000.0,56.0,-34.631747,-58.480257,Floresta
175000.0,100.0,-34.5956762,-58.4127296,Abasto
190000.0,87.0,-34.5921362,-58.4118019,Barrio Norte
89700.0,49.0,-34.6162229,-58.4184465,Almagro
85000.0,45.0,-34.6310482,-58.4679815,Flores
220000.0,88.0,-34.582521,-58.422461,Palermo
68000.0,43.0,-34.6279003,-58.3608593,Boca
67200.0,31.0,-34.6165677784,-58.4774428246,Villa Santa Rita
138000.0,85.0,-34.6285185,-58.4658766,Flores
120000.0,42.0,-34.5637842261,-58.4654250566,Belgrano
165000.0,86.0,-34.637834,-58.503098,Villa Luro
170000.0,87.0,-34.60695,-58.435936,Parque Centenario
78000.0,39.0,-34.5834208616,-58.474618378,Parque Chas
128000.0,46.0,-34.623771,-58.440083,Caballito
78000.0,37.0,-34.629231,-58.460781,Flores
110000.0,42.0,-34.6248755,-58.4177943,Boedo
222900.0,82.0,-34.5622063,-58.4593905,Belgrano
200000.0,59.0,-34.5594421,-58.4817313,Coghlan
55000.0,32.0,-34.6534772,-58.4189634,Pompeya
83000.0,37.0,-34.5712172,-58.4849095,Villa Urquiza
235000.0,100.0,-34.5956924332,-58.4032338789,Barrio Norte
145000.0,65.0,-34.606735,-58.390526,San Nicolás
295000.0,75.0,-34.5408858,-58.4648766,Nuñez
159000.0,50.0,-34.5626944,-58.4653693,Belgrano
130000.0,45.0,-34.5591609,-58.445786,Belgrano
92000.0,37.0,-34.5904479,-58.480712,Parque Chas
115000.0,85.0,-34.624698,-58.379213,San Telmo
160000.0,71.0,-34.557201,-58.46,Belgrano
290000.0,83.0,-34.6395276,-58.5196662,Liniers
150000.0,45.0,-34.5978249,-58.4164389,Palermo
65000.0,42.0,-34.6522327,-58.4907391,Mataderos
91440.0,48.0,-34.648761,-58.50018,Mataderos
89000.0,46.0,-34.6203841,-58.3873595,Monserrat
